mpID,wyckoff,number_of_atoms,equivalent_wyckoff_labels_number,synthesisability
icsd_127823,AB2C_hP8_164_d_cd_d:Ga-Ge-Te,8,4,1
icsd-52078,AB_hP4_186_b_b:O-Zn,4,2,1
icsd-48926,A3B3C4D12E6F3G16H3_hP100_173_c_c_ac_4c_2c_c_b5c_c:B-Ba-F-H-La-N-O-P,100,18,1
icsd-49634,A2BC4_oP28_62_ac_c_2cd:Ag-Cr-O,28,6,1
icsd_89957,AB2C5D_oC36_63_c_e_cfg_c:B-Na-O-Pu,36,6,1
icsd-138063,A2B9C5_hR192_167_2c_3f_bef:Ir-O-Rb,192,8,1
icsd-126587,A2BC4D_tP8_123_h_a_i_b:Bi-I-O-Yb,8,4,1
icsd_127989,ABC4_mC48_12_gi_hi_2i3j:Co-Mo-O,48,9,1
icsd_127120,A_oI28_24_a3d:C,28,4,1
icsd_119971,AB4C14D6_oP50_55_a_2g_4g3h_3h:Fe-Pb-S-Sb,50,13,1
icsd-200819,AB_hP4_186_b_b:O-Zn,4,2,1
icsd-176726,AB6C2D_cF40_225_a_e_c_b:Bi-Cl-Cs-Na,40,4,1
icsd_56056,A2BC15D4E2_mP96_14_2e_e_15e_4e_2e:Bi-Ca-O-P-Rb,96,24,1
icsd-145945,A15B7C2D30E_hR165_155_d2f_ade_c_5f_b:B-K-Lu-O-Pb,165,13,1
icsd-144657,A2BCD4_oP16_31_b_a_a_2ab:Ag-Fe-Ge-Se,16,6,1
icsd_119834,AB3C3D2_oP36_62_c_cd_cd_2c:C-La-N-O,36,7,1
icsd_127435,A5B4_cF72_227_ae_e:Fe-O,72,3,1
icsd_127966,AB3C3D3_aP20_2_i_3i_3i_3i:B-Dy-O-S,20,10,1
icsd-128825,AB3C_oP20_62_a_cd_c:Ce-O-Sr,20,4,1
icsd-138126,A2BC14D2_aP38_2_2i_i_14i_2i:Au-Ca-F-H,38,19,1
icsd-59458,AB4C_mP12_13_e_2g_f:Dy-O-Ta,12,4,1
icsd-137953,A6BC4D3_oF224_70_3h_c_2h_dh:H-La-N-Na,224,8,1
icsd-146543,A6BC5D4E13_oP116_29_6a_a_5a_4a_13a:B-Cl-H-Na-O,116,29,1
icsd-175673,A2B_mP144_14_24e_12e:Cu-S,144,36,1
icsd-174961,A4BC8D2E_oP64_19_4a_a_8a_2a_a:H-N-O-S-Sb,64,16,1
icsd-45882,A6B5_mC44_12_eg2ij_3ij:Fe-Ge,44,9,1
icsd-175223,AB6CD6_mP56_14_e_6e_e_6e:C-H-Mg-O,56,14,1
icsd-43110,AB_oP8_62_c_c:B-Fe,8,2,1
icsd-146955,ABC2_oP16_33_a_a_2a:Ga-Li-Se,16,4,1
icsd-148048,A2BC6D_mC20_12_i_a_ij_d:Ba-La-O-Ta,20,5,1
icsd-145380,A2B_oP24_61_2c_c:O-Ti,24,3,1
icsd_124425,A6B2C11D_aP40_2_6i_2i_11i_bc:H-N-O-U,40,21,1
icsd_129217,A2B4C_oP28_62_ac_2cd_c:Fe-O-Si,28,6,1
icsd_127659,A2B_tP6_136_f_a:O-Ti,6,2,1
icsd-149659,AB2C3_mC24_12_i_aci_ij:C-Na-O,24,6,1
icsd_61149,A4B24C3_hP62_190_cg_2g2h2i_h:Bi-F-Xe,62,9,1
icsd-137816,A6B17C27D4_mC216_15_ac2f_e8f_e13f_2f:Fe-H-O-P,216,29,1
icsd-174259,AB3C_hR30_167_b_e_a:Ni-O-Pr,30,3,1
icsd-176634,A5BC2_tI32_140_cl_a_h:Cl-Cs-Pb,32,4,1
icsd_127177,A5B3C2_tP40_128_egh_dh_h:Ge-Ru-Sm,40,6,1
icsd_139169,A2B_tP6_136_f_a:O-Si,6,2,1
icsd_85020,A3BC4D_oC36_63_cf_c_fg_c:Ba-Ge-S-Te,36,6,1
icsd-73772,A2BC2_hP5_164_d_a_d:H-Ni-O,5,3,1
icsd_137177,A2B4C_oP28_62_2c_2cd_c:Ba-O-Si,28,6,1
icsd-177025,ABC3_tI10_107_a_a_ab:Ce-Cu-Ga,10,4,1
icsd_91599,A7B2C2_oI44_74_ehj_ac_bd:F-Fe-Na,44,7,1
icsd-145441,A4B9C3_aP32_2_4i_9i_3i:B-O-Zn,32,16,1
icsd_119530,A2B3C2D2_mP18_14_e_ae_e_e:O-S-Sb-Sr,18,5,1
icsd-177530,AB12C2D2_oI34_44_a_abc2e_d_ab:Ba-F-Hf-K,34,9,1
icsd-147186,A2B7C2D4_oC120_35_def_abcde5f_def_4f:Cl-O-Si-Zn,120,20,1
icsd_127931,ABC3D_oP24_62_c_c_3c_c:Cu-Dy-Se-Sr,24,6,1
icsd-129330,AB3C14D2_oI80_74_e_eh_h2i2j_ac:Cs-Ga-Ge-Na,80,10,1
icsd-148623,A5BC4D12_aP22_2_e2i_d_2i_bc5i:Ba-Ca-Fe-O,22,13,1
icsd_127462,ABC28D7E9_hR276_161_a_a_a9b_a2b_3b:K-Mg-O-P-Sr,276,18,1
icsd-176321,A6B2C17D4_hP58_194_ab2f_e_fh2k_2f:Ba-Ho-O-Ti,58,11,1
icsd-146797,AB4C2D_mP32_14_e_4e_2e_e:C-H-N-Se,32,8,1
icsd-144600,ABC3_oP40_57_cd_e_cd2e:Na-Nb-O,40,7,1
icsd-126616,A2B2C7D_tP24_113_e_e_cef_a:Be-Er-O-Si,24,6,1
icsd-61870,AB4CD6_mP48_14_e_4e_e_6e:Ag-Ba-Fe-S,48,12,1
icsd-174936,AB2C_mP8_11_e_2e_e:Cl-O-Y,8,4,1
icsd_136859,A2B9CD_mP26_11_2e_3e3f_e_e:Cl-O-Pr-Re,26,10,1
icsd-46200,A8B4C_oP78_31_2a11b_6b_ab:N-P-Ti,78,21,1
icsd-70762,ABC6D2_cF40_225_a_b_e_c:Ag-Bi-Br-Cs,40,4,1
icsd-144483,A2B2C4D9E2_mP76_14_2e_2e_4e_9e_2e:B-F-K-O-P,76,19,1
icsd-146451,ABC3_tI10_107_a_a_ab:Co-Eu-Ge,10,4,1
icsd_128001,A5B12C_cF144_227_ae_g_b:Co-Mo-N,144,4,1
icsd-147240,AB9C2D2_mP28_13_e_f4g_g_g:Ag-F-Mo-O,28,8,1
icsd_116153,A3B6C_hP30_152_ac_3c_a:Hg-O-S,30,6,1
icsd_129485,A5BC6D2_mP112_14_10e_2e_12e_4e:Li-N-O-P,112,28,1
icsd-138472,A3BC_aP50_2_15i_5i_5i:O-Pb-Te,50,25,1
icsd-139263,AB13C2D4_oP160_61_c_13c_2c_4c:Co-O-Rb-Si,160,20,1
icsd-145841,ABC3_oP20_62_c_a_cd:Ba-Ce-O,20,4,1
icsd-48434,A2B3C6D_oP48_62_2c_cd_4cd_c:B-K-O-Pr,48,10,1
icsd_127531,A3B9C2D5E_oP160_31_4a4b_8a14b_8a_4a8b_4a:La-N-O-Si-Sr,160,54,1
icsd-70518,A2BC2D8E25_oP152_33_2a_a_2a_8a_25a:Ba-Ce-H-I-O,152,38,1
icsd-175848,A5BC3_tP36_136_g2i_f_fi:Cu-K-Se,36,6,1
icsd-144616,ABC_tI12_109_a_a_a:Al-La-Si,12,3,1
icsd_117538,ABC9D2_hP39_152_a_b_a4c_c:La-Na-O-S,39,8,1
icsd-149474,ABC2_hP8_194_a_c_f:Al-C-Ti,8,3,1
icsd-176337,A10BC2D20_mP132_13_10g_g_2g_20g:B-Ba-Na-O,132,33,1
icsd_56447,A2B_tI12_141_e_a:O-Ti,12,2,1
icsd_124872,A3BC3_tI224_142_3g_g_3g:As-In-Li,224,7,1
icsd-70324,A2B2C8D_oP52_62_d_d_2c3d_c:B-Ge-O-Sr,52,8,1
icsd-137912,ABC_hP9_189_f_bc_g:Al-Cu-Tb,9,4,1
icsd-146502,AB_cF8_225_a_b:N-U,8,2,1
icsd-174920,A2B5C4_mP22_14_e_a2e_2e:Cl-O-Sb,22,6,1
icsd-38809,AB3C_oP20_62_a_cd_c:Cr-O-Sm,20,4,1
icsd_124521,ABC9DE_mP52_14_e_e_9e_e_e:B-C-H-Li-N,52,13,1
icsd-175798,ABC3_hR30_167_a_b_e:B-Fe-O,30,3,1
icsd-176858,A2BC4_tI28_141_c_b_h:Cu-Ge-O,28,3,1
icsd_63836,ABCD3_mP24_14_e_e_e_3e:Co-F-I-O,24,6,1
icsd-175327,A2B2C12D3_cP76_198_2a_2a_4b_b:Co-K-O-S,76,9,1
icsd_57939,ABCD3_oC24_63_c_c_a_cf:Ag-Ba-Dy-Te,24,5,1
icsd_97322,A2B7C2_tP44_92_b_a3b_b:Ge-O-Yb,44,6,1
icsd_115769,A3BC4_tP16_114_ad_b_e:Na-Sb-Se,16,4,1
icsd-70261,A3B3C4D4_hP84_185_cd_cd_2cd_2cd:Cu-I-P-S,84,10,1
icsd-149248,A3B2C6D2E4_mC34_12_ai_i_3i_i_2i:C-Cl-N-O-Sm,34,9,1
icsd_128369,AB_oP8_62_c_c:As-Cr,8,2,1
icsd-146693,AB5C2D20E8_tP72_83_h_abjk_i_jk4l_2l:Cl-Cs-Cu-O-Si,72,14,1
icsd-176225,A3B4C12D_cI40_204_b_c_g_a:Cu-Mn-O-Pb,40,4,1
icsd_128693,A4B7CD13E2_tP432_126_4k_7k_k_13k_2k:As-H-K-O-Pt,432,27,1
icsd-149136,A3B6C6D4_cI38_217_b_d_e_c:Co-F-O-Sb,38,4,1
icsd_119967,AB4C14D6_mP50_14_a_2e_7e_3e:Fe-Pb-S-Sb,50,13,1
icsd-139234,ABCD3_oC24_63_c_a_c_cf:Cu-Lu-Sr-Te,24,5,1
icsd_127136,A_mC32_15_4f:C,32,4,1
icsd_137566,A3B3C_mP84_14_9e_9e_3e:Ag-S-Sb,84,21,1
icsd-138075,A4B2C_oP28_62_2cd_2c_c:Cl-Cs-Fe,28,6,1
icsd-147578,ABC3_tI20_140_c_b_ah:Al-Gd-O,20,4,1
icsd-138425,ABC2D2_oP24_62_c_c_2c_2c:B-H-N-Sr,24,6,1
icsd_132621,A2BC2D6_oP88_61_2c_c_2c_6c:C-Ca-Na-O,88,11,1
icsd-49767,AB2CD6_mP20_14_a_e_d_3e:Co-Dy-Mn-O,20,6,1
icsd_60172,ABC2_mP16_14_e_e_2e:B-Li-O,16,4,1
icsd_115801,A2B6CD_cF40_225_c_e_a_b:Ba-O-Re-Zn,40,4,1
icsd_127423,A2B_hP9_152_c_a:O-Si,9,2,1
icsd-45744,AB2C4_cF56_227_a_d_e:Li-Mn-O,56,3,1
icsd-149589,AB3C9D2_oP60_62_c_cd_5c2d_2c:Ca-Fe-O-Si,60,12,1
icsd_127073,A_oC16_63_2g:C,16,2,1
icsd-176730,AB6C2D_tI20_139_a_eh_d_b:Bi-Cl-Cs-Na,20,5,1
icsd_61919,A2B_tP6_136_f_a:O-Sn,6,2,1
icsd-145379,A2B_tP6_136_f_a:O-Ti,6,2,1
icsd-47903,A5B3C_hP18_193_dg_g_b:Bi-Sm-Zr,18,4,1
icsd-146555,A2B4C3D8_oP68_60_d_2d_3c_4d:Ga-La-O-S,68,10,1
icsd-70373,A19BC7_hP54_188_ghk2l_a_cl:O-Sm-Ta,54,8,1
icsd_128555,A6B_cP7_221_e_b:B-La,7,2,1
icsd_124825,A6B3C4D27E3_mC86_8_3b_ab_2b_3a12b_ab:B-H-Mo-O-Pr,86,24,1
icsd-43940,A8B12C2D_oF184_70_2h_3h_e_a:H-O-S-Zr,184,7,1
icsd-42347,ABCD6_aP36_2_2i_2i_2i_12i:I-Mo-Na-O,36,18,1
icsd_124433,A8B6C14D_mP58_14_4e_3e_7e_a:H-N-O-U,58,15,1
icsd-174998,A12B3C31D7_oP212_33_12a_3a_31a_7a:Na-Nb-O-P,212,53,1
icsd_128943,A4B2C9_aP30_2_4i_2i_9i:As-Gd-O,30,15,1
icsd-146943,AB2_tP6_136_a_f:Mn-O,6,2,1
icsd_58398,ABC_hP6_194_c_d_a:Be-Ge-La,6,3,1
icsd-137744,AB4CDE_mP32_14_e_4e_e_e_e:Br-O-S-Ti-Zn,32,8,1
icsd_127458,A5B4_cF72_227_ae_e:Fe-O,72,3,1
icsd-126856,A6B2CD_cF40_225_e_c_a_b:Cl-Cs-Na-Sc,40,4,1
icsd_128257,ABC4D2_oP32_62_c_c_2cd_2c:Ga-Li-O-Sr,32,7,1
icsd-144790,A_tI2_139_a:La,2,1,1
icsd-64062,A2B2C12DE_tP36_114_d_d_3e_a_b:Al-Ca-F-Li-Na,36,7,1
icsd-146607,AB4C_mC24_15_e_2f_e:Nb-O-Yb,24,4,1
icsd-175864,A6B2C_cF36_225_e_c_a:Cl-Cs-Os,36,3,1
icsd-54084,A5BC8_tI224_142_d2g_e_4g:Ga-O-S,224,8,1
icsd-70164,A3B_hP8_176_h_c:Cl-Sm,8,2,1
icsd_139153,AB3C_hR30_148_c_f_c:Mg-O-Si,30,3,1
icsd-175472,ABC2D6_mP20_4_a_a_2a_6a:Gd-K-P-S,20,10,1
icsd_64326,A3BCD8E_mP56_14_3e_e_e_8e_e:B-Li-Na-O-Si,56,14,1
icsd-144456,A7B2_hR54_166_a2cdh_2c:Ni-Sm,54,7,1
icsd_128191,A3B2_tP10_113_ae_e:Cu-Se,10,3,1
icsd_59008,A3B2C12D4_mP42_14_ae_e_6e_2e:Cu-Li-O-Te,42,11,1
icsd-129166,A2BC2DE5F_aP24_2_2i_i_2i_i_5i_i:C-F-H-Na-O-Sn,24,12,1
icsd-146892,AB2_mC54_12_agij_3i3j:Nb-Te,54,10,1
icsd-126769,AB4C_hP18_154_a_2c_b:B-F-Li,18,4,1
icsd-44342,A2B9C2_oP52_33_2a_9a_2a:Bi-O-W,52,13,1
icsd-138327,A3B2C3_tP8_123_ag_g_bg:Ni-Sm-Sn,8,5,1
icsd_124018,A2B7C2_mC44_15_f_e3f_f:Cu-O-V,44,6,1
icsd-76726,AB4C7D2_mC28_5_a_2c_b3c_c:Ba-Na-S-Sn,28,8,1
icsd_60220,A8BCD_aP22_2_8i_i_i_i:F-O-W-Xe,22,11,1
icsd_136863,A16B3C_mP80_14_16e_3e_e:O-Re-Tm,80,20,1
icsd_128484,ABC6D2E2_tP48_136_d_c_efk_fg_j:Er-F-O-Rb-Si,48,8,1
icsd-83320,ABCD2E_hR108_148_f_f_f_2f_f:H-K-N-O-P,108,6,1
icsd-148863,AB15C3_mP152_14_2e_30e_6e:Mg-O-U,152,38,1
icsd_125062,A2B7C18D2_aP29_2_i_a3i_9i_i:C-Co-O-S,29,15,1
icsd_128200,A3B2_tP10_113_ae_e:Cu-Se,10,3,1
icsd_125432,AB2C2_tI40_141_c_h_h:Ce-O-Si,40,3,1
icsd-147041,A4BC3DE6_mP60_14_4e_e_3e_e_6e:B-Co-F-K-O,60,15,1
icsd_115987,A3B11C5_hP57_174_jl_2jk4l_bdghjl:Ge-O-Pb,57,15,1
icsd_124223,A4B3C_hR24_155_ad_d_b:C-N-Tl,24,4,1
icsd-147411,A31B6C2_oC156_63_3c4f2g4h_2cfg_f:Al-Mn-Pt,156,18,1
icsd-138059,A7B24C12_hR258_167_b3c_4f_2ef:Ir-O-Rb,258,11,1
icsd-147554,ABCD3_oC24_63_c_a_c_cf:Cu-Er-Eu-Se,24,5,1
icsd-175425,AB8C2D_tI24_82_a_2g_bc_d:Ca-F-Li-Zr,24,6,1
icsd-176659,AB2C8D_mP96_14_2e_4e_16e_2e:Na-Nb-O-P,96,24,1
icsd_128715,A4B_hP15_144_4a_a:Ge-Ir,15,5,1
icsd_128345,AB4C_hP108_176_hi_2h5i_hi:Al-O-P,108,11,1
icsd-144682,A3B2C_oC24_63_ag_f_c:Ga-Mg-Ni,24,4,1
icsd-144952,A2BC4D_oP16_31_b_a_2ab_a:Cu-Mn-S-Si,16,6,1
icsd-46328,ABC4D_oP28_62_c_a_2cd_c:Ca-Mg-O-Si,28,6,1
icsd-176989,A4BCD8E2_mC64_15_2f_e_c_4f_f:H-Hg-Mg-O-Se,64,9,1
icsd-45857,ABC2_hR12_166_a_b_c:K-Nd-Se,12,3,1
icsd_127663,A2B_tP6_136_f_a:O-Ti,6,2,1
icsd-149663,A3B4_cF56_227_ad_e:Co-O,56,3,1
icsd-146596,A2BC6D_cF40_225_c_a_e_b:Ba-Gd-O-Sb,40,4,1
icsd-149726,AB2C_tP4_123_a_h_b:Cs-Se-Yb,4,3,1
icsd_126834,ABC3_hR30_161_a_a_b:Bi-Fe-O,30,3,1
icsd_124809,AB4_mP20_14_e_4e:Br-F,20,5,1
icsd-146083,A2B2C2D7E2_mP60_14_2e_2e_2e_7e_2e:F-Mg-Na-O-P,60,15,1
icsd-139074,ABC_hP6_194_c_d_a:F-La-Se,6,3,1
icsd-48623,ABC3D_oC24_63_c_c_cf_a:Cs-Cu-S-Th,24,5,1
icsd-144817,A18B5C3D_tI108_108_3c3d_bd_ac_a:F-K-Nb-O,108,11,1
icsd-45912,ABC2D4E_mP72_14_2e_2e_4e_8e_2e:F-Mn-Na-O-P,72,18,1
icsd-147692,AB_tP4_129_a_c:O-Sn,4,2,1
icsd-145355,A2B7C2_mC44_15_f_e3f_f:Cu-O-V,44,6,1
icsd-137590,A4B_tI10_139_de_a:Al-Eu,10,3,1
icsd-148208,AB_cF8_225_a_b:Ca-O,8,2,1
icsd-126544,A4B3C12D_cI40_204_c_b_g_a:Co-Cu-O-Sm,40,4,1
icsd_125424,A2B8C3DE_mP60_14_2e_8e_3e_e_e:C-H-I-N-Pb,60,15,1
icsd_127419,A2B_hP9_152_c_a:O-Si,9,2,1
icsd-64189,AB_cF8_225_a_b:Mn-N,8,2,1
icsd_125074,A5B6C20D4_mP70_13_e2g_3g_10g_2g:Fe-H-O-P,70,18,1
icsd-175825,A3B7_hP20_186_c_b2c:N-Re,20,4,1
icsd-144694,AB2C4D_mP32_14_e_2e_4e_e:Mn-Rb-Se-Sn,32,8,1
icsd-126952,A4B_mC60_15_ce5f_ef:F-U,60,9,1
icsd_116201,A4B2C7_hP39_152_2c_c_a3c:Ag-P-S,39,7,1
icsd-126401,AB6C2D_cF40_225_a_e_c_b:Bi-Cl-Cs-Na,40,4,1
icsd-149225,A4BC8D_aP168_2_24i_6i_48i_6i:B-Ba-O-Zn,168,84,1
icsd-49862,ABC3_hR30_161_a_a_b:Bi-Fe-O,30,3,1
icsd-149675,A3B4_cF56_227_ad_e:Co-O,56,3,1
icsd-138366,ABC3_oP20_26_ab_c_ab2c:Ce-Mo-N,20,7,1
icsd-49474,AB2CD5_oP18_51_a_2f_c_2efj:Ba-Co-Eu-O,18,8,1
icsd-138223,ABC3_oP20_62_a_c_cd:Cr-Ho-O,20,4,1
icsd-145713,A3B_cP8_223_c_a:Cr-Ga,8,2,1
icsd-144801,A_cF4_225_a:La,4,1,1
icsd-149730,AB_cF8_225_a_b:Cr-N,8,2,1
icsd-144786,AB_cP2_221_a_b:C-La,2,2,1
icsd-68954,A2BC4D_oP32_29_2a_a_4a_a:F-Hf-O-S,32,8,1
icsd_116743,AB3C9D_hP28_173_a_c_3c_b:B-Bi-O-Te,28,6,1
icsd-126513,A6B_cP7_221_e_b:B-Ce,7,2,1
icsd-175521,A6BC2_cF36_225_e_a_c:Br-Pt-Rb,36,3,1
icsd-138448,A3BC5_hR108_155_2f_ae_cde2f:Ga-Na-Te,108,9,1
icsd_116606,AB4C2D10E2_mP38_14_a_2e_e_5e_e:Cu-H-Na-O-S,38,10,1
icsd-145528,AB4C_hP18_180_c_k_d:Ca-O-S,18,3,1
icsd-175464,A3B4C_oP32_62_cd_2cd_c:Cs-O-Ta,32,6,1
icsd-64561,A4B4C15_mP92_14_4e_4e_15e:I-Nb-Se,92,23,1
icsd-201320,A2B7C2_mC22_12_i_aij_h:Ge-O-Sc,22,5,1
icsd-70522,A4B3CD12_hR60_166_2c_ac_b_2h:Ba-Mn-Nb-O,60,7,1
icsd-177770,A2B6CD6_oP60_19_2a_6a_a_6a:Ge-Na-O-S,60,15,1
icsd-148033,A4B4CD6E16_cP31_215_e_e_a_cd_ei:C-Li-Mo-Na-O,31,7,1
icsd-49136,A2BC2_tI10_139_e_a_e:Bi-Se-Te,10,3,1
icsd-129170,A2B12C32DE4_mP102_14_e_6e_16e_a_2e:Br-C-H-Mn-O,102,26,1
icsd_84534,A3BC_oP20_62_cd_c_a:Br-Cs-Pb,20,4,1
icsd_115753,A3BC4_cI16_217_b_a_c:Na-Sb-Se,16,3,1
icsd-82931,ABCD2E_mP72_14_3e_3e_3e_6e_3e:Ag-H-N-O-P,72,18,1
icsd-144440,A9BC2_tP24_131_aikn_f_j:Ga-Ge-Re,24,6,1
icsd-146187,ABC2_hR12_166_a_b_c:Co-Li-O,12,3,1
icsd_124848,AB4C2D_hP216_144_9a_36a_18a_9a:C-H-N-Se,216,72,1
icsd-128624,A7B2C2_cF88_227_af_c_d:O-Sm-Ti,88,4,1
icsd_136875,AB2C6D2_hR33_166_a_c_h_c:Fe-N-O-S,33,4,1
icsd-138274,AB16C4DE5_mC108_15_e_8f_2f_e_e2f:Li-O-P-Rb-Zn,108,15,1
icsd-145314,A2B2C5D3_oP48_19_2a_2a_5a_3a:Al-Cl-O-Sr,48,12,1
icsd-145363,A7B3_oC40_63_c3f_cf:Ge-Re,40,6,1
icsd-50225,A3B3C2D12_cI160_230_d_c_a_h:Ga-Gd-In-O,160,4,1
icsd-138203,A2BC3D8_mP56_14_2e_e_3e_8e:Cs-Fe-Ge-S,56,14,1
icsd-145733,A5BC_oP28_62_a2cd_c_c:O-Ta-V,28,6,1
icsd-144821,AB3C_hR30_148_c_f_c:Mg-O-Ti,30,3,1
icsd-175385,A8BC3_oC192_64_2f7g_ef_c2dfg:O-Pr-Si,192,16,1
icsd-144572,A2B3C3D8E2_oP72_60_d_cd_cd_4d_d:Al-B-F-O-Pb,72,10,1
icsd_136551,A14B24C3_mP164_14_14e_24e_3e:B-O-Sr,164,41,1
icsd-48245,AB12C3D2_hR108_167_b_2f_e_c:Na-O-P-Zr,108,5,1
icsd-139107,ABC2_mP16_14_e_e_2e:B-Li-O,16,4,1
icsd-45861,A4B3_oP28_58_4g_3g:In-Se,28,7,1
icsd_123616,ABC4_aP12_2_i_i_4i:Cs-Cu-S,12,6,1
icsd_124429,A4B2C10D_mP34_14_2e_e_5e_a:H-N-O-Pu,34,9,1
icsd_127086,A_tP16_91_2ad:C,16,3,1
icsd_128373,AB_mP4_11_e_e:As-Cr,4,2,1
icsd-148697,AB3C3D6_cI104_204_c_g_g_h:Al-C-H-O,104,4,1
icsd-177584,A4B15CD4_hP48_158_a2bc_5d_a_ab2c:La-O-Sn-Ti,48,14,1
icsd-81956,ABC3_hR30_161_a_a_b:Bi-Fe-O,30,3,1
icsd-137725,A5BC3_oP36_62_3cd_c_cd:Br-Cu-Rb,36,7,1
icsd-128829,A3B20C6_cF116_225_ac_fh_e:La-Pd-Si,116,5,1
icsd-46172,AB3_hP8_194_c_bf:As-Li,8,3,1
icsd-126564,A4B4C_oP36_55_adgi_2g2h_h:Co-La-Sb,36,9,1
icsd-128983,A3BC9D_oP56_62_a2c_c_5c2d_c:Cu-Mo-O-S,56,12,1
icsd-138080,AB3C2D7_hP26_194_c_df_e_bk:Cl-K-Mo-O,26,6,1
icsd_137069,A3B6C_oP80_54_a2cef_6f_bd:Cu-O-Te,80,13,1
icsd_127439,A5B4_cF72_227_ae_e:Fe-O,72,3,1
icsd_115548,A7B2C2D_mC48_15_e3f_f_f_c:O-P-Rb-Sr,48,7,1
icsd-147974,A7B3C_hR66_167_af_e_b:Cl-Rb-Sn,66,4,1
icsd-149593,AB3C9D2_mP60_14_e_3e_9e_2e:Ca-Fe-O-Si,60,15,1
icsd_127069,A2BC10_oP52_55_gh_e_gh4i:K-Pd-Se,52,9,1
icsd-53720,A2B6C_oP36_29_2a_6a_a:Bi-O-W,36,9,1
icsd-175805,ABC3_hR30_167_a_b_e:B-Fe-O,30,3,1
icsd_128148,A4B2C6D_aP13_2_2i_i_3i_a:H-K-O-Te,13,7,1
icsd_61407,AB7CD_mC40_5_c_7c_c_c:Cl-F-O-Pb,40,10,1
icsd-177615,AB3_hP24_176_h_3h:Mo-O,24,4,1
icsd-129445,A2BC3_mC48_15_2f_2e_3f:C-Cs-N,48,7,1
icsd-49053,AB7C5_hP26_173_a_b2c_2bc:I-O-Sb,26,7,1
icsd-147309,A3B7C_aP22_2_3i_7i_i:Bi-O-V,22,11,1
icsd-144933,A4B4C2D4E_aP15_2_2i_2i_i_2i_a:Cl-H-K-O-U,15,8,1
icsd-145271,AB2CD6_mP20_14_a_e_d_3e:Co-Ho-Mn-O,20,6,1
icsd-144899,AB6C2D7E2_oP72_19_a_6a_2a_7a_2a:Ca-H-N-O-S,72,18,1
icsd-148443,A5B3C2_oI40_72_afj_bj_j:Ge-Ru-Sm,40,6,1
icsd-48707,A3B2C2_hR21_166_2d_c_ab:Co-S-Sn,21,5,1
icsd-49815,A_tP12_96_ab:Ge,12,2,1
icsd-176511,AB3C_tP5_99_a_ac_b:Nb-O-Rb,5,4,1
icsd_124887,AB4_cF40_227_a_e:Al-Y,40,2,1
icsd_83681,ABCD2E_hR108_148_f_f_f_2f_f:H-K-N-O-P,108,6,1
icsd-148290,A2B8C2DE_hP14_164_d_di_d_a_b:K-O-P-Rb-Sc,14,6,1
icsd_116626,AB2C3_oP24_19_a_2a_3a:Ba-P-Pt,24,6,1
icsd-200141,A2B3C12D6EF2_oP104_19_2a_3a_12a_6a_a_2a:C-Cl-H-N-Np-O,104,26,1
icsd-175014,AB7C12_mC80_12_ad_bcef2ij_4i4j:Ag-Mn-O,80,17,1
icsd_139165,A2B_tP6_136_f_a:O-Si,6,2,1
icsd-176638,A5BC2_tI32_140_cl_a_h:Cl-Cs-Pb,32,4,1
icsd-176792,A2B8CD3E_oP60_62_2c_2c3d_a_cd_c:B-F-H-K-O,60,11,1
icsd-174255,AB3C_hR30_167_b_e_a:Ni-O-Pr,30,3,1
icsd-46963,AB2C4_cF56_227_a_d_e:Co-Fe-O,56,3,1
icsd-147923,A2BC4_tI56_142_d_a_df:Ca-Mn-O,56,4,1
icsd_127194,A5B3C2_tP40_128_egh_dh_h:Ge-Ru-Sm,40,6,1
icsd_117522,A2B7C23_cI256_217_2c_ch_2c5gh:Co-Mo-O,256,12,1
icsd-46826,A4B6CD_mC48_15_2f_3f_e_e:H-O-P-Y,48,7,1
icsd_128261,ABCD5E_oP36_19_a_a_a_5a_a:As-Ca-H-O-Zn,36,9,1
icsd-54118,ABC3D_oP24_62_c_c_3c_c:Cu-Rb-Te-Zr,24,6,1
icsd_129020,AB3C_cP5_221_a_c_b:Br-Na-O,5,3,1
icsd-70914,A4B_mC10_12_hi_a:Al-Ca,10,3,1
icsd-177496,ABCD3_oP24_62_c_c_c_3c:Cu-Eu-Nd-Se,24,6,1
icsd-175501,A8B17C4_mC464_15_16f_34f_8f:Ba-Se-Sn,464,58,1
icsd-202469,A4BC_tP12_129_acf_c_c:F-Pb-Sn,12,5,1
icsd_124242,A3B4C6_mC52_12_3i_4i_6i:Ca-Ga-Ge,52,13,1
icsd-175794,ABC3_hR30_167_a_b_e:B-Fe-O,30,3,1
icsd_137301,A10BCD22E5_aP78_2_10i_i_i_22i_5i:H-K-Ni-O-V,78,39,1
icsd-47958,A4B5_oC36_63_acf_c2f:Fe-O,36,6,1
icsd-177253,AB2CD4_oP16_31_a_b_a_2ab:Ge-Li-Mg-O,16,6,1
icsd-70328,A2B2C8D_oP52_62_d_d_2c3d_c:B-Ge-O-Sr,52,8,1
icsd_126843,AB2C4_oP28_62_c_2c_4c:Ba-Gd-O,28,7,1
icsd-144499,A2BC16D4_mP46_14_e_a_8e_2e:B-Cu-O-S,46,12,1
icsd_124891,AB4_cF40_227_a_e:Al-Lu,40,2,1
icsd-176507,A4BC3D12_hR60_166_2c_a_bc_2h:Ba-Ce-Mn-O,60,7,1
icsd_56277,A4BC4D_tI40_88_f_a_f_b:H-N-O-Re,40,4,1
icsd-61885,A3BC11D3_oP72_57_de_c_3d4e_de:Cd-K-O-P,72,12,1
icsd-145267,ABC3D2_tP14_129_c_c_cf_2c:Cl-Ni-O-Sr,14,6,1
icsd-200784,A8B12CD2E_mP96_14_8e_12e_e_2e_e:H-O-Rb-S-Y,96,24,1
icsd-176854,A2BC4_tI28_141_c_b_h:Cu-Ge-O,28,3,1
icsd-177746,A12B2C52D12E8F3_aP89_2_6i_bd_26i_6i_4i_ci:Cl-Co-H-N-O-Pd,89,46,1
icsd_128918,ABC2_oP16_62_c_c_2c:Cu-Sb-Se,16,4,1
icsd-174243,AB3C_mP20_14_ad_3e_e:Ni-O-Pr,20,6,1
icsd-176784,AB8C4D12E2F4_aP31_2_a_4i_2i_6i_i_2i:Ca-H-N-O-Rb-S,31,16,1
icsd_127497,AB36C8D4E3_mP104_14_a_18e_4e_2e_be:Cu-O-Pb-S-Zn,104,27,1
icsd_139173,A2B_oP6_58_g_a:O-Si,6,2,1
icsd-37836,A2B7C10_oP76_62_2c_a4cd_6c2d:B-Fe-O,76,16,1
icsd_137182,A3B_mP32_14_6e_2e:O-W,32,8,1
icsd-175517,A6B2C_cF36_225_e_c_a:Cl-K-Pt,36,3,1
icsd-137764,AB2C8D4_aP30_2_i_2i_8i_4i:Hg-Rb-S-Sb,30,15,1
icsd_128277,A2B4C_oP28_62_ac_2cd_c:Mn-O-Si,28,6,1
icsd_127182,A5B3C2_tP40_128_egh_dh_h:Ge-Ru-Sm,40,6,1
icsd_127028,A2B7C2_aP44_2_4i_14i_4i:Ca-O-Te,44,22,1
icsd-146627,A3B2_hP5_164_ad_d:Mg-Sb,5,3,1
icsd-175844,AB7C3D6_mC34_12_b_aej_ch_ij:Ba-Cu-K-S,34,8,1
icsd-64412,A_hP4_194_bc:C,4,2,1
icsd-148814,A11B11C_mP92_4_22a_22a_2a:B-Cl-Se,92,46,1
icsd-137949,A3B2C14D3_mP44_11_abc_2e_8e3f_3e:Al-Mg-O-Si,44,19,1
icsd_128559,A_hP2_194_c:Re,2,1,1
icsd-146559,A31B6C_mC152_15_e15f_3f_e:O-Re-Th,152,20,1
icsd-145725,AB_tP4_129_a_c:Fe-Se,4,2,1
icsd-175239,A4B3C9_hR96_148_cf_f_3f:Bi-Pt-Se,96,6,1
icsd-145375,A2B3_tP20_114_e_de:Bi-O,20,3,1
icsd-46308,AB2C2DE2_oC64_64_f_g_2f_e_g:As-H-K-O-Se,64,6,1
icsd-174994,AB13C3_oP68_62_c_7c3d_3c:Ce-O-Re,68,14,1
icsd-45877,A11BC9D4E26_oC204_36_a5b_a_a4b_2ab_4a11b:Cd-Cl-In-Rb-S,204,30,1
icsd-70390,AB2_hP24_194_ef_fgh:Mg-Ni,24,5,1
icsd-139111,ABC2_mP16_14_e_e_2e:B-Li-O,16,4,1
icsd-49854,ABCD3_oP48_62_2c_d_ac_4cd:Al-Ba-Na-S,48,10,1
icsd-177592,A4BC_mP72_14_12e_3e_3e:O-Pb-W,72,18,1
icsd-70810,A3B6C2D_mC96_15_3f_6f_2f_f:Na-O-P-V,96,12,1
icsd-48896,ABC2_tI32_88_c_d_f:Cr-Ho-O,32,3,1
icsd_124346,A6B2C_tI18_87_eh_d_a:Cl-K-Os,18,4,1
icsd_127993,A_cF4_225_a:Co,4,1,1
icsd-149090,AB4C2D7_mC56_9_a_4a_2a_7a:Cd-Cu-Ge-S,56,14,1
icsd-146365,AB2C4D_tI16_121_a_d_i_b:Co-Cu-S-Sn,16,4,1
icsd_127090,A_hR48_148_2c2f:C,48,4,1
icsd_123895,A4BC3D12_hR60_166_2c_a_bc_2h:Ba-Ce-Mn-O,60,7,1
icsd-149585,AB3C9D2_oP60_62_c_cd_5c2d_2c:Ca-Fe-O-Si,60,12,1
icsd_128220,A2B3C6D_mC24_12_g_ch_ij_b:Cu-Na-O-Sb,24,6,1
icsd-146220,AB4C_tI24_141_a_h_b:Am-O-V,24,3,1
icsd-126821,AB6C2_hP9_189_a_fg_d:Ce-F-Na,9,4,1
icsd_116722,A8BC2D6E26F_hP44_147_dg_a_d_g_d4g_b:B-Mg-Nb-Nd-O-S,44,11,1
icsd-128995,A4B20C2D17_mC172_15_2f_10f_ae_e8f:B-H-Na-O,172,23,1
icsd_124653,A7B3C6D15E3_hP68_176_c2h_h_2h_5h_h:B-Cl-H-O-Rb,68,12,1
icsd-175540,A2BCD2E46F9_aP122_2_2i_i_i_2i_46i_9i:Fe-Ho-K-Na-O-W,122,61,1
icsd_116372,A3B9C2D_mP60_11_4ef_10e4f_4e_ad:K-O-P-Sb,60,25,1
icsd-161153,A6B2CD_cF40_225_e_c_a_b:Cl-Cs-In-Na,40,4,1
icsd-177087,A3B4_cI28_220_a_c:C-Dy,28,2,1
icsd-147431,A9B3C2_hP28_194_hk_bf_f:Cl-K-Ru,28,5,1
icsd-68036,A2B4C11_mP68_4_4a_8a_22a:Cs-I-O,68,34,1
icsd-146934,A6BC3_mP20_14_3e_a_de:Cl-In-Na,20,6,1
icsd-176878,A2BC6D_oP40_29_2a_a_6a_a:H-I-O-V,40,10,1
icsd-175757,A16BCD22E5_aP90_2_16i_i_i_22i_5i:H-K-Ni-O-V,90,45,1
icsd-129490,A5BC_tP7_123_ci_b_a:In-Ir-Tb,7,4,1
icsd_136880,A12BC6_hR57_148_2f_a_f:O-Re-Yb,57,4,1
icsd_116866,A2B4CDE2_oP40_29_2a_4a_a_a_2a:F-H-I-N-O,40,10,1
icsd-64202,AB_cF8_225_a_b:Mn-N,8,2,1
icsd-139185,A4B3_tP28_128_i_eh:O-Sn,28,3,1
icsd_128172,A3B2_tP10_113_ae_e:Cu-Se,10,3,1
icsd_124852,AB4C2D_hP216_144_9a_36a_18a_9a:C-H-N-Se,216,72,1
icsd-48382,A_cI2_229_a:Fe,2,1,1
icsd-137932,A5BC10DE14_mP124_14_5e_e_10e_e_14e:B-Ca-H-Na-O,124,31,1
icsd_125310,A2B12C4D4E_tP46_114_d_3e_e_e_a:Ag-H-N-O-S,46,7,1
icsd-176194,ABC3D_oC24_63_c_c_cf_a:Ba-Cu-Se-Y,24,5,1
icsd-77992,A2B_oP168_47_9Ailmn2q2ru2vw2x_4A2u2wyz:O-Si,168,33,1
icsd_123694,A3B_mC16_12_ij_g:Cl-Cr,16,3,1
icsd-170410,AB3C2D4E_mP22_13_a_eg_ef_2g_f:Al-F-Na-O-S,22,8,1
icsd_119785,A7BC3_mP33_6_21a_3a_9a:C-Cu-N,33,33,1
icsd-149004,ABC3_hP10_194_c_a_h:Ba-Ni-O,10,3,1
icsd-139306,AB10C3D3_mP68_14_e_10e_3e_3e:F-O-Si-Tm,68,17,1
icsd_84742,ABC3D_tP12_123_g_g_3g_g:La-Na-O-Ti,12,6,1
icsd_117518,A5B2C10D3_mP40_4_5a_2a_10a_3a:H-In-O-P,40,20,1
icsd-149454,A2B_mC24_12_4i_2i:O-V,24,6,1
icsd_127454,A5B4_cF72_227_ae_e:Fe-O,72,3,1
icsd_124628,AB3C_hR30_161_a_b_a:In-O-V,30,3,1
icsd-137748,A2B4C8D2E_oI68_74_h_aeg_2ij_i_e:Cl-Na-O-S-Zn,68,9,1
icsd-82614,ABCD2E_mP72_14_3e_3e_3e_6e_3e:Ag-H-N-O-P,72,18,1
icsd_124278,ABC3_mC40_15_f_ce_3f:Bi-Cr-O,40,6,1
icsd-145498,AB6C_mC32_15_e_3f_e:Ca-O-S,32,5,1
icsd_62587,A2B2C_tI10_139_e_d_a:Ce-O-Te,10,3,1
icsd-128901,ABC6D2_cF40_225_a_b_e_c:La-Nb-O-Sr,40,4,1
icsd_119910,A8B7C32D4E_oP104_55_4g_a3g_16g_2g_c:C-Cl-H-N-Tb,104,27,1
icsd_127141,A_oP32_60_4d:C,32,4,1
icsd-174795,AB4C_oP24_62_c_2cd_c:B-F-K,24,5,1
icsd_127395,A2BC6D_hR30_148_c_a_f_b:B-Co-O-Sn,30,4,1
icsd_129221,A_cI2_229_a:Mo,2,1,1
icsd-174812,A2B_hP9_189_fg_ad:Fe-P,9,4,1
icsd-175700,ABC4D_oF224_43_2b_2b_8b_2ab:Ge-Mg-S-Sr,224,15,1
icsd_126584,A9B3CD18_hP62_176_hi_af_b_2h2i:B-Ba-Er-O,62,9,1
icsd_122894,A2B19C4D6_mP62_14_e_a9e_2e_3e:Mo-O-P-Rb,62,16,1
icsd_137395,ABC3_oP20_62_c_c_cd:Ba-C-O,20,4,1
icsd-147671,A4B2CDE4_tI192_142_2g_g_f_f_2g:C-Cl-Fe-Ge-O,192,7,1
icsd-43126,A5B30C8D5_mP192_14_5e_30e_8e_5e:Bi-O-P-Rb,192,48,1
icsd-138393,AB2C_aP8_1_2a_4a_2a:Na-S-Sb,8,8,1
icsd-174957,ABC4D6E2_mP28_11_e_e_2f_3f_f:Br-Cs-H-O-Se,28,8,1
icsd-148992,A2BCD12E4_mC80_15_f_c_e_6f_2f:Ba-Cl-Li-O-V,80,11,1
icsd-70353,AB2C6D_tP10_123_c_g_abi_d:Ba-Mn-O-Pr,10,6,1
icsd-47020,A2B12C3_mC68_15_f_6f_ef:La-O-W,68,9,1
icsd-146125,ABC3_oP20_62_c_a_cd:Dy-Mn-O,20,4,1
icsd_119551,ABC2D_oC20_63_a_c_f_c:Ag-Bi-Cl-S,20,4,1
icsd-66907,AB3C_cP5_221_b_c_a:Cr-O-Pb,5,3,1
icsd-148212,A15B2CD6E3_hP54_163_h2i_f_c_i_h:Cl-Cs-Gd-Nb-O,54,7,1
icsd-145070,AB5C4DE18F4G11_oP176_19_a_5a_4a_a_18a_4a_11a:Al-B-C-Cd-H-N-O,176,44,1
icsd-70979,A8B20CD_mP120_14_8e_20e_e_e:B-O-Pr-Re,120,30,1
icsd-175995,A5BC2D_oP36_19_5a_a_2a_a:N-P-Si-Sr,36,9,1
icsd-167551,AB2_hP12_194_f_ah:Hf-Mn,12,3,1
icsd-54525,AB_oP8_62_c_c:P-Ru,8,2,1
icsd-64193,AB_cF8_225_a_b:Mn-N,8,2,1
icsd-149546,AB2_oP12_62_c_d:Cs-O,12,2,1
icsd_128349,AB4_tI10_87_a_h:Mo-Ni,10,2,1
icsd-176655,A6B4C_oC44_64_fg_ef_a:Cl-Cs-Pb,44,5,1
icsd_127116,A_oP28_53_h3i:C,28,4,1
icsd-175429,A3B12C4D_aP40_2_3i_12i_4i_bc:Cs-O-Si-U,40,21,1
icsd-144948,A5B2C4D6E_mC72_9_5a_2a_4a_6a_a:Ba-Ga-O-S-Si,72,18,1
icsd-53833,A4B_hP10_194_2f_c:B-Re,10,3,1
icsd-147237,A10B2C2D_aP30_2_10i_2i_2i_i:F-Mo-O-Pb,30,15,1
icsd_124956,A2B2C_tI10_139_e_d_a:Bi-Cd-Cs,10,3,1
icsd-149679,AB2C3_mC24_12_i_aci_ij:C-Na-O,24,6,1
icsd-139081,AB15C7_oF368_43_b_15b_7b:Na-O-Si,368,23,1
icsd-149229,ABCD4_mP28_7_2a_2a_2a_8a:Ce-Cl-Mo-O,28,14,1
icsd_124813,AB5_oP24_62_c_3cd:Br-F,24,5,1
icsd_128563,AB2_tP6_136_a_f:Mn-O,6,2,1
icsd-146099,A4B6C12D_mC92_15_2f_2e2f_6f_e:C-K-O-Zn,92,13,1
icsd-59028,AB_hP4_194_a_c:Fe-Se,4,2,1
icsd-174941,AB2C_mP8_11_e_2e_e:Cl-O-Y,8,4,1
icsd-147722,A5BC2_tI32_140_cl_a_h:Cl-Rb-Sn,32,4,1
icsd-146830,A6B2C7D3_oC72_36_2a2b_2a_3a2b_3a:Ba-Fe-S-Te,72,14,1
icsd-119572,A12B24C5_cI82_204_g_2g_ac:B-Pt-Sc,82,5,1
icsd_127045,ABC6D_mP36_14_e_e_6e_e:B-Mo-O-Pr,36,9,1
icsd-64185,AB_cF8_225_a_b:Mn-N,8,2,1
icsd-70596,AB3C_oC10_38_a_ae_b:Ba-O-Ti,10,4,1
icsd-147958,A6B6C_hP13_191_cde_i_a:Sn-V-Y,13,5,1
icsd-45772,A3BC_tP5_99_ac_b_a:O-Pb-Ti,5,4,1
icsd_127415,AB8C8D_mP72_14_e_8e_8e_e:Fe-H-O-S,72,18,1
icsd_125428,AB2C2_tI40_141_c_h_h:Ce-O-Si,40,3,1
icsd_119547,A4BC3_oF64_69_gho_g_gl:Bi-Pr-Ti,64,6,1
icsd-70980,A8BC20D_mP120_14_8e_e_20e_e:B-Eu-O-Re,120,30,1
icsd-145573,ABC10D4_mC64_12_g_e_2i4j_hij:Ag-Al-O-Te,64,11,1
icsd-145089,A2B_hP3_191_c_b:B-Mg,3,2,1
icsd_127100,A_oP32_57_4e:C,32,4,1
icsd-145820,A2B4C7_mP52_14_2e_4e_7e:Ag-B-O,52,13,1
icsd-144732,A9BC15D_oP104_19_9a_a_15a_a:B-Li-O-Sr,104,26,1
icsd-176643,A6B4C_hR66_167_f_ae_b:Cl-Cs-Pb,66,4,1
icsd-149100,A23B4C8D2_aP37_2_a11i_2i_4i_i:O-Rb-Si-Ta,37,19,1
icsd-149784,A17B2_hR57_166_cdfh_c:Fe-Pr,57,5,1
icsd-119933,A2BC2D6_hR33_166_c_a_c_h:C-Ca-K-O,33,4,1
icsd-148896,AB2C10D2E3_hR54_166_a_c_2ch_c_d:Ba-H-O-V-Zn,54,7,1
icsd-49839,ABC3_oP20_62_c_a_cd:La-Mn-O,20,4,1
icsd-70607,AB3C_tP5_99_b_ac_a:Ba-O-Ti,5,4,1
icsd-148195,A2B2C_oC10_38_ab_ab_a:O-Pr-S,10,5,1
icsd_124517,ABC3_mP20_14_e_e_3e:Eu-P-S,20,5,1
icsd-177269,A16B5C_mP44_13_8g_a2g_f:Cl-Ga-Ho,44,12,1
icsd_116036,AB3C6DE_mP48_14_e_3e_6e_e_e:C-F-O-S-Tc,48,12,1
icsd_128867,A3B6C12D6E6F6G_oC160_63_ae_fh_2g2h_fh_f2g_fh_c:Au-C-H-N-O-S-Tb,160,16,1
icsd_136879,A7BC3_mC44_12_g2i2j_h_3i:O-Re-Tb,44,9,1
icsd-174916,AB2C2_tI10_139_a_d_e:Er-Fe-Si,10,3,1
icsd-176182,ABC3_oP20_62_c_c_3c:Cr-Sb-Se,20,5,1
icsd-137924,A2B2C12D3_oP76_19_2a_2a_12a_3a:Ca-K-O-S,76,19,1
icsd-48394,AB2_oF672_69_4m2n4p_ch2i2jk3mno9p:H-O,672,31,1
icsd_128534,AB_cF8_225_a_b:Co-O,8,2,1
icsd-173380,A4B2CD5E_oI26_44_e_c_a_ae_b:C-K-Mn-N-O,26,6,1
icsd-70312,A2B2CDE3_oP36_62_2c_2c_c_c_3c:Ba-F-In-K-Se,36,9,1
icsd-128782,AB6C_mP16_14_a_3e_d:Mg-O-Si,16,5,1
icsd_124844,AB4C2D_hP216_144_9a_36a_18a_9a:C-H-N-Se,216,72,1
icsd-149291,A2B2C6D_oC44_64_e_d_fg_a:Na-Ni-O-Te,44,5,1
icsd-148879,ABC3_mC60_12_3i_ad2i_3i3j:Ba-Ir-O,60,13,1
icsd-74582,A2B16C2D5_oP200_61_2c_16c_2c_5c:Ca-O-Ti-Zr,200,25,1
icsd_124794,ABC7D2_mP44_14_e_e_7e_2e:Cr-K-O-P,44,11,1
icsd-74428,ABC3_oP20_62_a_c_cd:Fe-La-O,20,4,1
icsd-145031,A30B3C6D_hP80_165_5g_bd_g_a:F-Na-Np-V,80,9,1
icsd-129310,A4BC5D16E4_tI60_87_h_a_bh_2hi_h:Ca-F-Na-O-P,60,8,1
icsd_127442,A5B4_cF72_227_ae_e:Fe-O,72,3,1
icsd-201269,AB8C2D_hP12_150_a_dg_d_b:K-O-S-Sc,12,5,1
icsd_123952,A3BC3_hP42_165_ad3g_bd_c2d2f:Al-B-C,42,12,1
icsd_64150,AB4C4_cF72_227_a_e_e:Al-Mg-O,72,3,1
icsd-77711,A2B2C_hP5_164_d_d_a:Ag-Se-Sr,5,3,1
icsd-176614,AB4C2D8_oI60_72_a_fj_j_2jk:Ba-K-P-S,60,7,1
icsd_119906,A18B5CD3_tI108_108_3c3d_bd_a_ac:F-K-O-Ta,108,11,1
icsd-139255,A2B12C3D_mP72_14_2e_12e_3e_e:Li-O-Se-Zr,72,18,1
icsd_124281,A2B_oI12_71_eg_f:Te-U,12,3,1
icsd-49213,AB3CD_mP24_14_e_3e_e_e:Li-S-Sb-Sr,24,6,1
icsd-138444,ABC3_mP20_7_2a_2a_6a:Cu-Nb-O,20,10,1
icsd-145030,A6B30C3D_hP80_165_g_5g_bd_a:Al-F-Na-Np,80,9,1
icsd-49357,AB2C16D4_aP46_2_i_2i_16i_4i:B-H-O-S,46,23,1
icsd_127443,A5B4_cF72_227_ae_e:Fe-O,72,3,1
icsd-47719,AB4C2D6E2_oP60_33_a_4a_2a_6a_2a:Ba-H-N-O-S,60,15,1
icsd-45724,AB4C_oP24_62_c_2cd_c:Eu-O-S,24,5,1
icsd-173047,AB6CD5_mC52_9_a_6a_a_5a:I-Li-P-S,52,13,1
icsd-176615,AB4C2D8_oI60_72_a_fj_j_2jk:Ca-K-P-S,60,7,1
icsd-139254,A2B12C3D_mP72_14_2e_12e_3e_e:Li-O-S-Zr,72,18,1
icsd_119907,A18BC5D3_tI108_108_3c3d_a_bd_ac:F-O-Rb-Ta,108,11,1
icsd-175469,A3B7CD2_mP52_14_3e_7e_e_2e:Hg-O-S-Se,52,13,1
icsd-49642,A6B8C3_oP68_34_6c_8c_3c:Ag-O-W,68,17,1
icsd-70606,AB3C_oC10_38_a_ae_b:Ba-O-Ti,10,4,1
icsd-176496,AB2CD19E7F_mP124_14_e_2e_e_19e_7e_e:C-Cl-Cu-H-N-O,124,31,1
icsd-148194,A2B2C_oC10_38_ab_ab_a:La-O-S,10,5,1
icsd-129487,A2B4C4D_mP22_11_ae_bef_2ef_e:Ca-Li-P-Si,22,9,1
icsd-175740,AB5C2_oP32_62_c_5c_2c:Li-O-V,32,8,1
icsd-126637,A4B4C4D_hP26_186_bc_bc_ac_b:Ge-N-O-Sn,26,7,1
icsd-170407,A2BC2D6_mP22_14_e_a_e_3e:K-Mg-P-S,22,6,1
icsd_128866,AB12C4D6E_aP96_2_2i_24i_8i_12i_2i:F-H-N-O-P,96,48,1
icsd-175605,A16BCD10E_oP58_31_4a6b_a_a_4a3b_a:H-Mg-N-O-P,58,20,1
icsd-174917,AB2C2_tI10_139_a_d_e:Er-Fe-Si,10,3,1
icsd_136878,A3B7C_mC44_12_3i_g2i2j_h:Gd-O-Re,44,9,1
icsd_126481,A4BC_tI24_88_f_a_b:O-Sr-W,24,3,1
icsd_116037,A6B18C9D2E19F6G_oP488_61_6c_18c_9c_2c_19c_6c_c:C-F-H-N-O-S-Tc,488,61,1
icsd-176183,A3B4C15D4_oP104_33_3a_4a_15a_4a:Fe-Na-O-P,104,26,1
icsd-70313,A17B18C8D2E21_tP132_129_c2ik_abgh2i_2j_d_ci2jk:Ba-F-In-Na-Se,132,18,1
icsd-173381,A4B2CD5E_oI26_44_e_c_a_ae_b:C-K-Mn-N-O,26,6,1
icsd-176479,A48B2C12D3E60_hR375_148_8f_c_2f_ac_10f:H-La-N-Ni-O,375,23,1
icsd_124845,AB4C2D_hP216_144_9a_36a_18a_9a:C-H-N-Se,216,72,1
icsd_128165,A_cF4_225_a:Cu,4,1,1
icsd-70597,AB3C_tP5_99_b_ac_a:Ba-O-Ti,5,4,1
icsd_119815,A2B13C6_mC42_12_i_a6i_3i:Na-O-Ti,42,11,1
icsd-64184,AB_cF8_225_a_b:Mn-N,8,2,1
icsd_127044,AB3_cF32_225_c_e:Ce-Ge,32,2,1
icsd_125429,AB2C2_tI40_141_c_h_h:Ce-O-Si,40,3,1
icsd_119546,A4BC3_oF64_69_gho_g_gl:Bi-Nd-Ti,64,6,1
icsd-172744,A4B2CD5E_oI26_44_e_c_a_ae_b:C-K-Mn-N-O,26,6,1
icsd_62197,A2BCD5_mP18_4_2a_a_a_5a:H-Ho-N-O,18,9,1
icsd-44477,AB_hP4_186_b_b:O-Zn,4,2,1
icsd-70981,A6BC16D_mP96_14_6e_e_16e_e:B-La-O-Re,96,24,1
icsd-145572,ABC10D4_mC64_12_e_g_2i4j_hij:Al-Na-O-Te,64,11,1
icsd-138042,A2B5C_mP32_14_2e_5e_e:C-O-Pb,32,8,1
icsd-145088,A2B_hP3_191_c_b:B-Mg,3,2,1
icsd-139203,A5B7C5D3_aP40_2_5i_7i_5i_3i:C-H-N-O,40,20,1
icsd_127101,A_oP32_56_4e:C,32,4,1
icsd-176642,A6B4C_hR66_167_f_ae_b:Cl-Cs-Pb,66,4,1
icsd-46333,A_oF16_70_e:Dy,16,1,1
icsd-46299,A12B4C5_aP42_2_12i_4i_5i:Ca-N-Si,42,21,1
icsd-147236,AB15C3D4_aP46_2_i_15i_3i_4i:Cl-F-Mo-O,46,23,1
icsd-149678,A3B4_cF56_227_ad_e:Co-O,56,3,1
icsd_116826,A2B2C2D5EF_mP52_14_2e_2e_2e_5e_e_e:C-F-H-O-Rb-Sb,52,13,1
icsd-83679,ABCD2E_hR108_148_f_f_f_2f_f:H-K-N-O-P,108,6,1
icsd-149228,ABC4D_mP28_7_2a_2a_8a_2a:Br-Ce-O-W,28,14,1
icsd_124812,AB6C_hR24_148_a_f_b:Br-F-Rb,24,3,1
icsd_128562,AB_cF8_225_a_b:Mn-O,8,2,1
icsd-146562,A20B4C_mP50_4_20a_4a_a:O-Tc-Th,50,25,1
icsd-174940,AB2C_mP8_11_e_2e_e:Cl-O-Y,8,4,1
icsd_124111,A3B2C_tP6_123_ag_g_b:Bi-Ca-Mn,6,4,1
icsd-146831,ABC3_mC20_12_g_i_ij:Cr-P-Se,20,4,1
icsd_62601,A6B2C_oP36_19_6a_2a_a:O-Pr-Te,36,9,1
icsd_119550,A4BC3_oF64_69_gho_g_gl:Bi-La-Ti,64,6,1
icsd-145071,AB6C4D19E4F13G_mP96_4_a_6a_4a_19a_4a_13a_a:Al-B-C-H-N-O-Zn,96,48,1
icsd-70978,A8BC20D_mP120_14_8e_e_20e_e:B-Ce-O-Re,120,30,1
icsd-148643,AB2CD3_oC28_63_c_g_a_ce:Br-Ca-Mn-O,28,5,1
icsd-174686,A2BC2_aP10_2_2i_i_2i:I-Nb-Se,10,5,1
icsd-175994,A15B4C8_mP108_14_15e_ad3e_8e:As-Ba-Cu,108,28,1
icsd-176341,AB4C_mP12_13_e_2g_f:Fe-O-W,12,4,1
icsd-149402,A22BC4_aP27_2_11i_a_2i:F-Mn-Sb,27,14,1
icsd-64192,AB_cF8_225_a_b:Mn-N,8,2,1
icsd-176654,A6B4C_hR66_167_f_ae_b:Cl-Cs-Pb,66,4,1
icsd-54461,A5BC5_aP22_2_5i_i_5i:C-Fe-O,22,11,1
icsd_127117,A_mC24_12_2i2j:C,24,4,1
icsd-145564,A3B10_hR78_166_h_cf2h:Pb-Se,78,5,1
icsd-49253,A12B18CD2E32_cP260_205_2d_3d_a_c_c5d:B-H-K-Mg-O,260,13,1
icsd-138404,AB2_oF72_43_ab_3b:Ge-S,72,5,1
icsd-147109,AB13C33_mC94_12_c_b6i_a16i:Na-Nb-O,94,25,1
icsd-137821,AB4CDE8F2_mP68_14_e_4e_e_e_8e_2e:Cl-H-K-Mn-O-V,68,17,1
icsd_127394,A2BC6D_hR30_148_c_a_f_b:B-Fe-O-Sn,30,4,1
icsd-73968,ABC_tP6_129_c_a_c:H-Li-O,6,3,1
icsd-70647,A2B3_hR15_166_c_ac:Sb-Te,15,3,1
icsd-146061,A6B2CD_cF40_225_e_c_a_b:F-K-Li-Sc,40,4,1
icsd-82584,ABCD2E_mP72_14_3e_3e_3e_6e_3e:Ag-H-N-O-P,72,18,1
icsd_129220,A2B4C_oP28_62_ac_2cd_c:Fe-O-Si,28,6,1
icsd_126585,ABC_hP9_189_ad_2g_2f:As-Pd-Yb,9,6,1
icsd-174813,A2BC6D_cF40_225_c_a_e_b:Cs-Eu-F-Na,40,4,1
icsd-145708,AB2_oP12_61_a_c:Pd-Se,12,2,1
icsd-129429,A49B12C2D8_hR213_148_a8f_2f_c_4c:O-P-Si-Ti,213,16,1
icsd-174956,AB4CD6E2_aP14_2_a_2i_b_3i_i:Cl-H-K-O-Se,14,8,1
icsd-149681,A3B4_cF56_227_ad_e:Co-O,56,3,1
icsd-176438,AB3C9_hP26_173_b_c_3c:Cr-I-O,26,5,1
icsd-70352,AB2C6D_tP10_123_c_g_abi_d:Ba-Mn-O-Pr,10,6,1
icsd-47021,A12B2C3_mC68_15_6f_f_ef:O-Pr-W,68,9,1
icsd-53598,A7B24C6D4_hR246_167_bf_4f_f_ae:Na-O-P-V,246,9,1
icsd_124804,AB3C_oP20_62_a_cd_c:Cr-O-Y,20,4,1
icsd_59117,A2B3C_oC24_40_c_bc_b:Ge-Mo-P,24,4,1
icsd-149005,ABC3_cP5_221_b_a_c:C-Ga-Mn,5,3,1
icsd_84743,A2B2C10D3_tI34_139_e_e_c2eg_ae:La-Na-O-Ti,34,8,1
icsd-149455,A6BCD2E6_cF64_225_e_a_b_c_e:C-Cu-Fe-K-N,64,5,1
icsd_127455,A5B4_cF72_227_ae_e:Fe-O,72,3,1
icsd-145026,A30B3C6D_hP80_165_5g_bd_g_a:F-Na-Np-Ti,80,9,1
icsd-137749,A3B2C16D4_mP100_14_3e_2e_16e_4e:Cd-Cs-O-S,100,25,1
icsd-148244,A4BC19D32_tI224_141_h_a_bcfgi_2h3i:Ba-Cl-In-S,224,12,1
icsd-138146,A4BCD8_mC56_9_4a_a_a_8a:Bi-Br-Nb-O,56,14,1
icsd-145163,AB3C3D8_hP45_174_ace_3j_3k_5j3k:Ag-Ga-Mg-S,45,17,1
icsd-145499,AB6C_mC32_15_e_3f_e:Ca-O-S,32,5,1
icsd_123553,AB4CD6_mP48_14_e_4e_e_6e:Cl-In-Rb-S,48,12,1
icsd-148751,A7B2C2_cF88_227_af_c_d:O-Sm-Ti,88,4,1
icsd_60041,A3BCD3_hP16_176_h_c_b_h:Ca-Cr-H-N,16,4,1
icsd_127140,A_hP24_152_4c:C,24,4,1
icsd-139242,AB12C3D_hP34_176_b_2hi_h_c:Ag-O-Re-Sr,34,6,1
icsd-145860,ABCD_tP8_129_a_b_c_c:Fe-N-P-Th,8,4,1
icsd-149140,A3B6C6D4_cI38_217_b_d_e_c:Co-F-O-Sb,38,4,1
icsd_128935,A2BC8DE2_mP56_14_2e_e_8e_e_2e:H-N-O-P-Pb,56,14,1
icsd-147277,AB2C4DE_oP36_19_a_2a_4a_a_a:Cl-Li-O-Rb-S,36,9,1
icsd_136881,A6B12C_hR57_148_f_2f_a:Lu-O-Re,57,4,1
icsd_127639,A2BC6D_cF40_225_c_a_e_b:Ba-Mg-O-W,40,4,1
icsd_115748,A3B4C_tP16_114_ad_e_b:Na-S-Sb,16,4,1
icsd-64203,AB_cF8_225_a_b:Mn-N,8,2,1
icsd_59005,A2B2C9D3_oP64_62_d_d_c4d_cd:Cu-Li-O-Te,64,9,1
icsd-70610,AB3C_oC10_38_a_ae_b:Ba-O-Ti,10,4,1
icsd_128173,A3B2_tP10_113_ae_e:Cu-Se,10,3,1
icsd-146173,A4B3C12D2_hP42_165_cd_ad_2g_d:B-Ba-O-Sc,42,7,1
icsd_124853,AB4C2D_hP216_144_9a_36a_18a_9a:C-H-N-Se,216,72,1
icsd-176195,ABC3D_oC24_63_c_c_cf_a:Ba-Cu-Se-Tb,24,5,1
icsd-77993,A2B_mP168_11_8e24f_14f:O-Si,168,46,1
icsd-146870,AB2C4D3E2_oP96_61_c_2c_4c_3c_2c:Ag-C-H-N-Se,96,12,1
icsd-170411,AB4C4D4EF8G2_mC96_15_a_2f_2f_2f_e_4f_f:Al-F-H-Li-N-O-S,96,13,1
icsd-129184,A5B15C6_hR78_155_a2c_e2f_de:Co-O-Sr,78,8,1
icsd_119784,AB3C_tP5_99_b_ac_a:Ba-O-Ti,5,4,1
icsd-175243,A3B2C7_tI24_139_ae_e_beg:La-Ni-O,24,6,1
icsd-145118,AB2C_tP4_123_a_h_b:In-Lu-Ru,4,3,1
icsd-177593,AB4C_tI24_88_a_f_b:Ca-O-W,24,3,1
icsd_124347,A6B2C6D_aP15_2_3i_i_3i_a:Br-Na-O-Os,15,8,1
icsd-129393,A15B8C6_oP116_62_c7d_2c3d_2c2d:O-Pb-S,116,17,1
icsd_127992,A2B3C8_hP26_186_2b_2c_ab4c:Co-Mo-O,26,10,1
icsd-146364,AB3C_oP20_62_a_cd_c:Ni-O-Tl,20,4,1
icsd-149091,ABCD_tP8_129_c_c_c_a:B-Dy-N-Ni,8,4,1
icsd_127091,A_mC24_12_2i2j:C,24,4,1
icsd-70542,A2B4C_oP28_62_ac_2cd_c:Mn-Se-Si,28,6,1
icsd-149584,AB3C9D2_oP60_62_c_cd_5c2d_2c:Ca-Fe-O-Si,60,12,1
icsd-45749,A6B12C3D_hR330_155_5f_10f_acdef_b2c:B-O-Rb-Sm,330,23,1
icsd_128221,A3B6CD2_mC24_12_ag_ij_d_h:Na-O-Sb-Zn,24,6,1
icsd_116723,A8B6CD2E26F_hP44_147_dg_g_a_d_d4g_b:B-La-Mg-Nb-O-S,44,11,1
icsd-148395,A2BCD3EF_aP18_2_2i_ab_i_3i_i_i:Cl-Cu-H-O-Rb-Se,18,10,1
icsd-128994,A4B20C2D17_mC172_15_2f_10f_ae_e8f:B-H-Na-O,172,23,1
icsd_124652,A3BCD3E6_mP56_14_3e_e_e_3e_6e:B-Cl-Cs-H-O,56,14,1
icsd_116373,A2BC8D2E_mP112_14_4e_2e_16e_4e_2e:K-Na-O-P-Sb,112,28,1
icsd-161152,A6B2CD_cF40_225_e_c_a_b:Cl-Cs-In-Na,40,4,1
icsd-149707,AB11_tI48_141_b_aci:Ba-Cd,48,4,1
icsd_128558,A10B14C4D_aP29_2_5i_7i_2i_a:C-H-O-Pt,29,15,1
icsd-146558,A5B5CD_mC48_5_5c_5c_c_ab:H-O-P-Zn,48,13,1
icsd_63883,A2BC2D2E2_tI18_139_d_a_c_e_e:Cu-Ni-O-Se-Sr,18,5,1
icsd-144836,ABC3_hR30_161_a_a_b:Bi-Fe-O,30,3,1
icsd-175392,A4B17C8_aP58_2_4i_17i_8i:Ge-Se-Sr,58,29,1
icsd-138214,A3B4_mC42_12_a2ij_2i2j:Fe-Ga,42,8,1
icsd-145374,A2B3_tP20_114_e_de:Bi-O,20,3,1
icsd_57060,AB_cF8_225_a_b:Gd-Sb,8,2,1
icsd-46309,A3B4C_oC32_36_ab_2ab_a:K-S-Sb,32,6,1
icsd-45876,A3BC20D6_oC120_20_a2b_a_10c_3c:Al-Cs-O-P,120,17,1
icsd_127642,A_cF4_225_a:O,4,1,1
icsd-48747,A5B2_mC28_12_5i_2i:O-V,28,7,1
icsd_56221,AB3C_hR30_161_a_b_a:La-N-W,30,3,1
icsd-139110,ABC2_mP16_14_e_e_2e:B-Li-O,16,4,1
icsd-176551,AB2CD_oP20_62_c_2c_c_c:Bi-Cl-Cu-Se,20,5,1
icsd-174242,AB3C_mP20_14_ad_3e_e:Ni-O-Pr,20,6,1
icsd_127496,A9B2CD_mP104_14_18e_4e_2e_2e:O-Pb-S-Zn,104,26,1
icsd_139172,A2B_oP6_58_g_a:O-Si,6,2,1
icsd-137620,A6B16C27D4_mC212_9_6a_16a_27a_4a:Fe-H-O-P,212,53,1
icsd_123085,A2B2C5_oP36_33_2a_2a_5a:Ba-Ge-Te,36,9,1
icsd-129281,A17B2_hP38_194_fgjk_bc:Fe-Tb,38,6,1
icsd_127183,A5B3C2_tP40_128_egh_dh_h:Ge-Ru-Sm,40,6,1
icsd_128276,A2B4C_oP28_62_ac_2cd_c:Mn-O-Si,28,6,1
icsd-146626,A4BCD8_oP56_33_4a_a_a_8a:Bi-I-Nd-O,56,14,1
icsd-75202,A60B7C_mP136_4_60a_7a_a:C-Cl-Sb,136,68,1
icsd-64413,AB_hP6_156_2ab_2ab:C-Si,6,6,1
icsd-145323,A2B2C_tI10_139_e_d_a:As-Co-K,10,3,1
icsd-175795,ABC3_hR30_167_a_b_e:B-Fe-O,30,3,1
icsd_137300,AB8CD22E5_aP74_2_i_8i_i_22i_5i:Co-H-K-O-V,74,37,1
icsd-144532,A2BCD11E6_mP42_11_f_e_e_3e4f_2e2f:B-F-N-O-Pb,42,14,1
icsd-70329,A2B2C8D_oP52_62_d_d_2c3d_c:B-Ge-O-Sr,52,8,1
icsd-128613,A7B2C2_cF88_227_af_d_c:O-Ti-Y,88,4,1
icsd_126842,A2B4C_oP28_62_2c_4c_c:Gd-O-Sr,28,7,1
icsd-144498,A2BC16D4_mC92_15_f_e_8f_2f:B-Cu-O-S,92,12,1
icsd-176506,A4B3C12D_hR60_166_2c_ac_2h_b:Ba-Mn-O-Pr,60,7,1
icsd_124890,AB4_cF40_227_a_e:Al-Lu,40,2,1
icsd-148907,A2B2C7D2E2_oP60_60_d_ac_c3d_d_d:F-Mg-O-Pb-Si,60,9,1
icsd_115764,A3B4C_tP16_114_ad_e_b:Na-S-Sb,16,4,1
icsd-61884,A6BC24D7_mP76_11_3f_e_2e11f_e3f:Cd-K-O-P,76,21,1
icsd-145266,A3B9C29D8_hP98_165_f_bdg_df4g_dg:Cr-Li-O-P,98,12,1
icsd-176855,A2BC4_tI28_141_c_b_h:Cu-Ge-O,28,3,1
icsd_128919,A3BC3_oP28_62_cd_c_cd:Cu-Sb-Se,28,5,1
icsd_123093,A2B_tP3_123_g_a:O-Zr,3,2,1
icsd-126477,ABC_tP6_129_c_c_a:Cl-Ho-O,6,3,1
icsd-200140,A12B2C19D4E4_aP82_2_12i_2i_19i_4i_4i:H-N-O-P-Sb,82,41,1
icsd-177028,ABC3_tI10_107_a_a_ab:Ce-Rh-Si,10,4,1
icsd_116627,A9B12C5_mP52_11_e4f_2e5f_e2f:P-Pt-Sr,52,15,1
icsd-145509,AB6C_mC32_15_e_3f_e:Ca-O-S,32,5,1
icsd_139164,A2B_tP6_136_f_a:O-Si,6,2,1
icsd-176639,A5BC2_tI32_140_cl_a_h:Cl-Cs-Pb,32,4,1
icsd-53633,ABC2D7EF_oP52_33_a_a_2a_7a_a_a:Ca-Ga-H-O-Sr-Zn,52,13,1
icsd-146325,A5BC3_tP36_136_g2i_f_fi:Cu-K-Se,36,6,1
icsd-174254,AB3C_oP20_62_a_cd_c:Ni-O-Pr,20,4,1
icsd-146630,A6BCD10E2_mC80_9_6a_a_a_10a_2a:B-F-H-O-Rb,80,20,1
icsd-70446,A20BCD22E5_aP98_2_20i_i_i_22i_5i:H-N-Ni-O-V,98,49,1
icsd-77383,AB4C2_oP28_33_a_4a_2a:Ge-N-P,28,7,1
icsd_128260,AB3_oP16_62_c_cd:Ru-Y,16,3,1
icsd-126861,AB2C6D2_tP22_113_a_bc_ef_e:Be-K-O-Se,22,6,1
icsd-70915,A4B_tI10_139_de_a:Al-Sr,10,3,1
icsd-177497,ABCD_oC16_63_c_c_a_c:Ba-Fe-S-Te,16,4,1
icsd-138486,A19B2C2_oP92_29_19a_2a_2a:O-S-U,92,23,1
icsd-129297,A3B15CD13_mP128_14_3e_15e_e_13e:B-H-Mg-O,128,32,1
icsd-147471,AB4C_tI24_88_a_f_b:Mo-O-Sr,24,3,1
icsd_124869,ABC_hP9_189_ad_2g_2f:Ga-Mg-Yb,9,6,1
icsd_61406,A2B16C8D3_aP29_2_i_8i_4i_ai:Cl-F-O-Os,29,15,1
icsd-83317,ABCD2E_hR108_148_f_f_f_2f_f:H-K-N-O-P,108,6,1
icsd-129444,A2BC3_mC48_15_2f_2e_3f:C-Cs-N,48,7,1
icsd-147308,A5BC13D2_mP84_14_5e_e_13e_2e:Bi-K-O-P,84,21,1
icsd-166455,ABC6D2_tI20_87_a_b_eh_d:Fe-Mo-O-Sr,20,5,1
icsd-148012,A2B2CDE6_oP48_62_2c_d_a_c_2c2d:B-Ba-F-Gd-O,48,9,1
icsd-144898,AB12C2D10E2_mC108_15_e_6f_f_5f_f:Ca-H-N-O-S,108,14,1
icsd-149603,AB_cP8_198_a_a:Co-Si,8,2,1
icsd_124886,AB4_cF40_227_a_e:Al-Sc,40,2,1
icsd-176510,AB3C_tP5_99_a_ac_b:Nb-O-Rb,5,4,1
icsd_128372,AB_mP4_11_e_e:As-Cr,4,2,1
icsd_127087,A_mC32_15_4f:C,32,4,1
icsd-146372,AB2C4_cF56_227_a_d_e:Cd-Fe-O,56,3,1
icsd-147099,ABC5D2_tP18_127_b_c_ak_g:Ba-Cu-O-Sm,18,5,1
icsd-129385,A14B4C2D_aP21_2_7i_2i_i_a:O-Pb-S-Zn,21,11,1
icsd-177585,AB3C_oP20_62_a_cd_c:Co-O-Y,20,4,1
icsd_124214,AB2CD4E2F4_hP42_145_a_2a_a_4a_2a_4a:Bi-C-Cl-H-N-S,42,14,1
icsd-74002,AB2C3_mC24_15_e_f_ef:C-Li-O,24,4,1
icsd-128828,A2B21C6_cF116_225_c_afh_e:Ce-Pd-Si,116,5,1
icsd-128982,A3BC9D_oP56_62_a2c_c_5c2d_c:Cu-Mo-O-S,56,12,1
icsd-126565,A4B4C_oP36_55_adgi_2g2h_h:Co-La-Te,36,9,1
icsd-138081,AB2C7D3_hP26_194_c_e_bk_df:Cl-Mo-O-Rb,26,6,1
icsd_127438,A5B4_cF72_227_ae_e:Fe-O,72,3,1
icsd-149592,AB3C9D2_oP60_62_c_cd_5c2d_2c:Ca-Fe-O-Si,60,12,1
icsd-147975,AB3C_oP20_62_c_3c_c:Cd-Cl-Rb,20,5,1
icsd-146667,A2B6C_mP36_14_2e_6e_e:Ba-Cl-Fe,36,9,1
icsd-175804,ABC3_hR30_167_a_b_e:B-Fe-O,30,3,1
icsd-138202,AB3C2D8_mP56_14_e_3e_2e_8e:Fe-Ge-Rb-S,56,14,1
icsd-145732,ABC3_oP20_62_c_a_cd:La-Sc-Se,20,4,1
icsd-144436,ABC2_tP32_137_g_f_2g:Cs-Ga-Sb,32,4,1
icsd-139106,ABC2_mP16_14_e_e_2e:B-Li-O,16,4,1
icsd-45860,ABC2_hR12_166_a_b_c:K-Pr-Se,12,3,1
icsd-175691,A3BC2D6E_mP26_4_3a_a_2a_6a_a:H-K-N-O-S,26,13,1
icsd_124428,A3B11CD_hR96_167_e_cef_b_a:N-O-Rb-U,96,6,1
icsd-145250,AB2_cF24_227_a_d:Ce-Fe,24,2,1
icsd-148198,ABC7D2_oP44_31_2a_b_2a6b_2b:Ca-Mn-O-Ta,44,13,1
icsd-129171,A4B4C14DE4_aP54_2_4i_4i_14i_i_4i:Br-C-H-Mn-N,54,27,1
icsd-144441,A9BC2_tP24_131_aikn_f_j:Ga-Ge-Re,24,6,1
icsd_127789,A2BC2_tI10_139_e_a_e:As-Li-Sn,10,3,1
icsd_124849,AB4C2D_hP216_144_9a_36a_18a_9a:C-H-N-Se,216,72,1
icsd-137929,A2B21C3D2_mP224_14_4e_42e_6e_4e:N-O-S-U,224,56,1
icsd-128625,ABC3_oP40_57_cd_e_cd2e:Na-Nb-O,40,7,1
icsd-144504,AB7C2_mC40_15_c_e3f_f:Cu-O-S,40,6,1
icsd-148177,A3BC6D_hR66_167_e_b_f_a:Ba-Co-S-U,66,4,1
icsd-145315,AB2C2_hP5_164_a_d_d:Eu-Mg-Sb,5,3,1
icsd-144787,AB2C_hP8_194_a_f_c:C-H-La,8,3,1
icsd_117503,A4B13_aP34_2_4i_13i:Mo-O,34,17,1
icsd-146240,A3B10CD2_mP32_4_3a_10a_a_2a:Hg-O-S-Se,32,16,1
icsd_124633,A18B5C3D_tI108_108_3c3d_bd_ac_a:F-K-Nb-O,108,11,1
icsd-126512,A6B_cP7_221_e_b:B-Ce,7,2,1
icsd-175520,A6B2C_cF36_225_e_c_a:Br-K-Pt,36,3,1
icsd_124776,AB3C_hP30_194_af_hk_bf:Cd-Cl-Cs,30,6,1
icsd-74560,ABC3_oP20_62_a_c_cd:Fe-La-O,20,4,1
icsd-175035,AB17C3D2_hP46_173_a_2b5c_c_2b:Ge-O-Pb-S,46,11,1
icsd_116607,AB2C8D2_mP104_4_4a_8a_32a_8a:Cu-Na-O-S,104,52,1
icsd_57328,A4B54C18D_oP616_61_4c_54c_18c_c:Br-H-N-U,616,77,1
icsd-145529,AB4C_hP18_180_c_k_d:Ca-O-S,18,3,1
icsd-147514,A12BC10D_tP96_96_6b_a_5b_a:H-Ni-O-S,96,13,1
icsd-175465,A3B4C_oP32_62_cd_2cd_c:Cs-O-Ta,32,6,1
icsd-46041,AB3_hR48_166_2c_2h:Dy-Ga,48,4,1
icsd_139144,AB3C_hR30_148_c_f_c:Mg-O-Si,30,3,1
icsd-176567,AB2_mC6_12_a_i:Mo-S,6,2,1
icsd-48771,A9B3C2_hP14_164_ei_ad_d:Cl-Cs-Sb,14,5,1
icsd-149674,AB2C3_mC24_12_i_aci_ij:C-Na-O,24,6,1
icsd-54302,A2BC10D2_mP30_14_e_a_5e_e:As-Cu-O-V,30,8,1
icsd-83225,ABC2D_hR90_148_f_f_2f_f:K-N-O-P,90,5,1
icsd-46295,A9B3C12D_hR150_148_3f_f_4f_ab:Ba-Ga-O-Sb,150,10,1
icsd-126683,A2B6CD12E6_mC54_12_i_ij_a_3j_ij:C-F-Ge-H-N,54,9,1
icsd-138367,AB3C_oP20_26_ab_ab2c_c:Ce-N-W,20,7,1
icsd-80409,A12B3C_hR96_167_2f_e_b:O-P-Zr,96,4,1
icsd_137361,A3B2C3D_oP36_62_3c_2c_3c_c:Ba-F-Se-Zn,36,9,1
icsd-126396,ABC2D6_mP20_14_a_d_e_3e:Cr-Fe-Gd-O,20,6,1
icsd-138222,ABC3_oP20_62_a_c_cd:Cr-Dy-O,20,4,1
icsd-144800,A_cP8_223_ac:La,8,2,1
icsd-149731,AB_cF8_225_a_b:Cr-N,8,2,1
icsd-148823,A2B12C4D3_mP84_14_2e_12e_4e_3e:K-O-Se-Zn,84,21,1
icsd-82988,ABCD2E_hR108_148_f_f_f_2f_f:H-K-N-O-P,108,6,1
icsd-148209,AB2C6_oP36_62_c_d_2c2d:Ca-Nb-O,36,6,1
icsd-126545,A4B3C12D_cI40_204_c_b_g_a:Co-Mn-O-Sm,40,4,1
icsd_127418,AB2C5D_mC36_15_c_f_e2f_e:Fe-H-O-S,36,6,1
icsd_128217,AB2C3_oC24_40_b_c_bc:P-Si-W,24,4,1
icsd_127048,A9BCD7E7_aP50_2_9i_i_i_7i_7i:Cl-H-I-O-Pb,50,25,1
icsd-64188,AB_cF8_225_a_b:Mn-N,8,2,1
icsd-175824,A2B_oI12_71_eg_f:Te-U,12,3,1
icsd_128352,A8B2C3_oC52_64_2fg_f_ae:O-V-Zn,52,6,1
icsd-200834,AB_hP4_186_b_b:O-Zn,4,2,1
icsd-70124,ABC3D8E2_oP30_59_a_b_ac_2eg_e:Bi-Br-Cu-O-Te,30,8,1
icsd-53644,AB2C7D2E_oP52_33_a_2a_7a_2a_a:Ga-H-O-Sr-Zn,52,13,1
icsd-147810,ABCD3_mC24_9_a_a_a_3a:Ag-As-Hg-S,24,6,1
icsd-175062,ABC_tP6_129_c_c_a:Cl-Dy-O,6,3,1
icsd-144953,A2BC4D_oP16_31_b_a_2ab_a:Cu-Mn-S-Si,16,6,1
icsd-46329,A2BC6_mP36_4_4a_2a_12a:I-Mg-O,36,18,1
icsd_123271,ABC2_oP32_62_2c_2c_4c:Ir-Li-S,32,8,1
icsd-45856,ABC2_hR12_166_a_b_c:Ce-K-Se,12,3,1
icsd-43081,A3B3C12D2_cI160_230_c_d_h_a:Gd-Li-O-Te,160,4,1
icsd-148423,A2B6CD_hR60_166_2c_2h_ab_c:Cs-F-Ga-Na,60,7,1
icsd-149398,AB4C12D2_tI38_121_a_i_ij_c:Hg-N-O-Rb,38,5,1
icsd_127662,A3BC_cP5_221_c_a_b:O-Sr-Ti,5,3,1
icsd-146597,A2B6CD_cF40_225_c_e_a_b:Ba-O-Sb-Tb,40,4,1
icsd-176121,AB4C_mP96_7_8a_32a_8a:Al-O-P,96,48,1
icsd-149662,AB2C3_hP12_194_c_ad_h:C-Na-O,12,4,1
icsd_127398,ABC2DE6F2_mP26_13_e_e_g_f_3g_g:Cl-Cu-H-Na-O-Se,26,8,1
icsd_61488,AB4CD3E_mP80_14_2e_8e_2e_6e_2e:Cl-H-N-O-S,80,20,1
icsd-48788,ABC3_oP20_62_a_c_cd:Cr-Dy-O,20,4,1
icsd-146128,A2B6C2D_oI44_74_i_hj_h_e:Cl-H-N-Zn,44,5,1
icsd-146578,A2B4C3D8_oP68_60_d_2d_3c_4d:Ga-La-O-S,68,10,1
icsd-139075,ABC2D2_oP24_62_c_c_2c_2c:B-Cl-N-Sr,24,6,1
icsd_128201,A_hR18_148_f:Se,18,1,1
icsd-45769,A5BC3_hP18_193_dg_b_g:As-Cr-La,18,4,1
icsd-126800,A2B8C_cI264_230_g_2h_d:B-H-Mg,264,4,1
icsd-175998,A10B12C6D77E2_aP214_2_10i_12i_6i_77i_2i:H-Mo-Na-O-Pt,214,107,1
icsd_125433,AB2C2_tI40_141_c_h_h:Ce-O-Si,40,3,1
icsd_116353,A4B11_oP60_33_4a_11a:Mo-O,60,15,1
icsd-200434,A2B3C12D288E8F72_mP770_4_2a_3a_12a_288a_8a_72a:K-Na-Nd-O-Sb-W,770,385,1
icsd-175561,AB8CD2_mP48_11_2e_ad6e4f_2e_4e:Na-O-P-Ta,48,20,1
icsd-147105,A4BC_tI24_88_f_a_b:F-Gd-Li,24,3,1
icsd-138408,AB12C5D3_mP84_14_e_12e_5e_3e:F-O-Pb-V,84,21,1
icsd_124737,A2B_tP336_136_2e2i5j10k_2j6k:O-Si,336,27,1
icsd-138058,A7B4C15_mP52_14_a3e_2e_c7e:Ba-Mn-O,52,14,1
icsd-145092,A2B_hP3_191_c_b:B-Mg,3,2,1
icsd_58566,AB3C_aP10_2_i_3i_ae:La-N-Re,10,6,1
icsd-175424,ABC8D_mC44_15_a_e_4f_e:Ba-Ca-F-Zr,44,7,1
icsd_56128,AB2C4_mP56_14_2e_4e_8e:Ba-Sb-Se,56,14,1
icsd-70132,A3B6CD4E_mP60_14_3e_6e_e_4e_e:Ba-F-Fe-O-P,60,15,1
icsd-126945,A2B2C9D2_oP60_60_d_d_c4d_d:Li-Ni-O-W,60,8,1
icsd-144683,A6BC6_oI26_71_efg_a_hk:Ga-Mg-Ni,26,6,1
icsd_128344,AB4C_hP108_176_hi_2h5i_hi:Al-O-P,108,11,1
icsd_128190,A2B2C_tI40_141_h_h_c:O-Si-Zr,40,3,1
icsd-176176,AB_cF8_225_a_b:Eu-O,8,2,1
icsd_115744,A3BC4_cI16_217_b_a_c:Na-P-Se,16,3,1
icsd-147781,ABC4D_mP28_7_2a_2a_8a_2a:Br-La-O-W,28,14,1
icsd-129167,A3B3C2D6E2_aP32_2_3i_3i_2i_6i_2i:C-F-Na-O-Sn,32,16,1
icsd_57017,A3B3C4_cI40_220_a_b_c:Cu-Gd-Sb,40,3,1
icsd_116187,A2B_oP336_57_a7d24e_14e:O-Si,336,46,1
icsd-45944,AB2C3_oC24_36_a_b_ab:Ge-Li-O,24,4,1
icsd-177272,ABC2_hR12_166_a_b_c:Ag-Fe-O,12,3,1
icsd_136862,AB14C3_mC72_5_ab_14c_3c:Ho-O-Re,72,19,1
icsd_128485,ABC6D2E2_tP48_136_c_d_efk_fg_j:F-Gd-O-Rb-Si,48,8,1
icsd-137745,AB4CD4EF_mP48_14_e_4e_e_4e_e_e:Cl-H-N-O-S-Zn,48,12,1
icsd-175536,A3B2CD6E170F4G30_aP432_2_3i_2i_i_6i_170i_4i_30i:Cr-K-Na-Nb-O-P-W,432,216,1
icsd-200463,ABC4D_mP28_14_e_e_4e_e:H-Na-O-Te,28,7,1
icsd-126504,ABC2_hP8_194_a_c_f:C-In-Sc,8,3,1
icsd-170364,AB6CDE8_aP17_1_a_6a_a_a_8a:C-H-Na-Np-O,17,17,1
icsd_127459,A5B4_cF72_227_ae_e:Fe-O,72,3,1
icsd-144791,A_oC4_63_c:La,4,1,1
icsd-146606,AB6CD2_mP20_14_a_3e_d_e:Ho-O-Sb-Sr,20,6,1
icsd_139152,AB3C_hR30_148_c_f_c:Mg-O-Si,30,3,1
icsd-175473,AB2C6D_mP20_4_a_2a_6a_a:K-P-S-Tb,20,10,1
icsd-175023,A2B3_hR30_167_c_e:Al-O,30,2,1
icsd-147152,AB11C6_mC36_8_a_3a4b_3b:Al-N-P,36,11,1
icsd_61918,AB2_tP3_123_a_g:O-Sn,3,2,1
icsd_123748,A3B2C10D3_mP72_14_3e_2e_10e_3e:Ba-Cu-Se-Sn,72,18,1
icsd-138218,ABC3_oP20_62_a_c_cd:Cr-Eu-O,20,4,1
icsd_62267,AB2C2D3_aP16_2_ae_2i_2i_3i:Cu-F-La-O,16,9,1
icsd_116056,AB2C12D4E3_mC44_12_c_i_2i2j_j_bg:Ca-H-N-P-Si,44,9,1
icsd_125366,A3B5C12D4_mP48_13_eg_f2g_6g_2g:Cl-La-O-Sb,48,13,1
icsd-70372,A19BC7_hP54_188_ghk2l_a_cl:O-Pr-Ta,54,8,1
icsd_125223,A6BCD6E2_mP32_14_3e_a_d_3e_e:C-Fe-Mg-N-Na,32,9,1
icsd-144586,ABC3_cP5_221_b_a_c:Al-La-O,5,3,1
icsd_124432,A2B4C14D_mP42_14_e_2e_7e_a:K-N-O-U,42,11,1
icsd-145397,A3BC2D10_tI128_88_ef_c_f_5f:B-K-P-S,128,9,1
icsd_128942,A4B9C2_aP30_2_4i_9i_2i:As-O-Pr,30,15,1
icsd_128368,AB_mP4_11_e_e:As-Cr,4,2,1
icsd_128692,A8B3C24D4_tP312_126_4k_hk_12k_2k:As-K-O-Pt,312,20,1
icsd-149137,A3B6C6D4_cI38_217_b_d_e_c:Co-F-O-Sb,38,4,1
icsd_127137,A_mP16_14_4e:C,16,4,1
icsd-139235,ABCD3_oC24_63_c_a_c_cf:Cu-Ho-Sr-Te,24,5,1
icsd_119966,AB4C14D6_mP50_14_a_2e_7e_3e:Fe-Pb-S-Sb,50,13,1
icsd-145817,AB2C2D2E2_oP36_62_c_2c_2c_2c_2c:Ba-H-O-Se-Zn,36,9,1
icsd_70935,A4B6C14D2E_oP54_31_2ab_2a2b_6a4b_2a_a:Cu-H-O-Se-U,54,20,1
icsd-128977,A3BC9D_oP56_62_a2c_c_5c2d_c:Cu-Mo-O-S,56,12,1
icsd-147579,ABC3_hR30_167_a_b_e:Al-Gd-O,30,3,1
icsd-148726,A8B3C2_hR39_166_ch_d_c:Cl-Mn-Na,39,4,1
icsd-46186,A4B2C2D_oF72_43_2b_b_b_a:H-N-O-S,72,5,1
icsd-128832,AB2CD8E_oI104_73_c_f_d_4f_c:Gd-K-Mo-O-P,104,8,1
icsd-128998,A4B20C2D17_mC172_15_2f_10f_ae_e8f:B-H-Na-O,172,23,1
icsd-137694,A5BC12D3_hP42_176_fh_a_2hi_h:Ca-F-O-P,42,7,1
icsd-148399,A2B_cF12_225_c_a:F-Yb,12,2,1
icsd-129370,A8B3C2_hR39_166_ch_ac_c:O-Sr-V,39,5,1
icsd_127422,A2B_hP9_152_c_a:O-Si,9,2,1
icsd-47778,A2B8C3_oP52_62_d_8c_3c:H-O-V,52,12,1
icsd_115553,A4B3C10D2_oC76_36_4a_3a_10a_2a:Ba-Cd-S-Sm,76,19,1
icsd-149588,AB3C9D2_oP60_62_c_cd_5c2d_2c:Ca-Fe-O-Si,60,12,1
icsd-176731,AB6C2D_tI20_139_a_eh_d_b:Bi-Cl-Cs-Na,20,5,1
icsd_55840,ABC2D_oC20_67_a_g_m_b:Ag-Cs-S-Zn,20,4,1
icsd_124873,A2BC3_oC48_64_ef_d_dg:As-Ga-Li,48,5,1
icsd-137913,ABC_hP9_189_ad_g_f:Cu-In-Tb,9,4,1
icsd-70325,A2B2C8D_oP52_62_d_d_2c3d_c:B-Ge-O-Sr,52,8,1
icsd_92434,AB4C_oP24_62_a_2cd_c:Cu-O-S,24,5,1
icsd-200766,A7B11C2_aP40_2_7i_11i_2i:La-P-Zn,40,20,1
icsd-146850,A6BC_oC32_67_mo_a_g:F-Hf-Sr,32,4,1
icsd-175799,ABC3_hR30_167_a_b_e:B-Fe-O,30,3,1
icsd-147607,A4B6C15D2_mP54_13_2g_ef2g_e7g_g:Al-Ba-O-Y,54,15,1
icsd-43150,ABC9D3_aP28_2_i_i_9i_3i:Ca-Na-O-P,28,14,1
icsd-176859,A2BC4_tI28_141_c_b_h:Cu-Ge-O,28,3,1
icsd_97323,AB7C6D24_mP76_11_e_e3f_3f_2e11f:Ba-Ge-Lu-O,76,21,1
icsd_83730,A5B8_cI52_217_ce_cg:Ag-Cd,52,4,1
icsd-149249,A3B2C6D2E4_mC34_12_ai_i_3i_i_2i:C-Cl-N-O-Y,34,9,1
icsd-52192,A4B2C5D2_mP104_14_8e_4e_10e_4e:H-Na-O-S,104,26,1
icsd-145513,ABC4_oC48_65_q_gi_acgp2q:Cu-Ho-Mg,48,9,1
icsd-148321,A4B_tI20_88_f_a:Br-Th,20,2,1
icsd-48435,A2BC3D6_oP48_62_2c_c_cd_4cd:B-Gd-K-O,48,10,1
icsd-139262,AB13C2D4_oP160_61_c_13c_2c_4c:Co-O-Rb-Si,160,20,1
icsd-145840,ABC3_hR30_161_a_a_b:Bi-Fe-O,30,3,1
icsd-70149,A2B3C_mC48_15_c3e_3f_f:Cu-O-Sn,48,8,1
icsd-149530,A2B8CD2_tI104_110_b_4b_a_b:Co-O-Pb-V,104,7,1
icsd-144617,ABC_tI12_109_a_a_a:Al-Ge-La,12,3,1
icsd-147938,A4B4C6D16E_cP31_215_e_e_cd_ei_a:C-Li-Na-O-W,31,7,1
icsd-176336,A11B3C22_aP72_2_11i_3i_22i:B-Ba-O,72,36,1
icsd_115504,A2B_tP6_136_f_a:O-Ti,6,2,1
icsd-145006,AB3C_oP20_62_c_3c_c:Cs-I-Sn,20,5,1
icsd-177527,AB12C2D2_oI34_44_a_abc2e_ab_d:Ba-F-K-Zr,34,9,1
icsd-126617,A2B7CD2_tP24_113_e_cef_a_e:Be-O-Si-Tm,24,6,1
icsd-47943,AB2_hR9_166_a_c:C-Sc,9,2,1
icsd-138259,A9B4C3D8E2_mP52_11_3e3f_2ef_ef_4f_f:F-Fe-K-O-P,52,16,1
icsd-146846,A8BC2_oP44_33_8a_a_2a:F-Hf-Pb,44,11,1
icsd_136858,AB2C9D_mP26_11_e_2e_3e3f_e:Ce-Cl-O-Re,26,10,1
icsd-174937,AB2C_mP8_11_e_2e_e:Cl-O-Y,8,4,1
icsd_64258,A3BC5D_mC40_9_3a_a_5a_a:H-Na-O-S,40,10,1
icsd-144482,A2B4C5DE3_mP60_14_2e_4e_5e_e_3e:B-F-O-P-Rb,60,15,1
icsd_128000,A_cF4_225_a:Co,4,1,1
icsd-41878,ABC3_mP20_14_e_e_3e:Ba-P-S,20,5,1
icsd-145786,ABC8D2E_mP52_14_e_e_8e_2e_e:Fe-Ni-O-P-Rb,52,13,1
icsd-47806,ABC3_hR30_161_a_a_b:Bi-Fe-O,30,3,1
icsd-147241,A4BC2D_oP64_29_8a_2a_4a_2a:F-Mo-O-Sr,64,16,1
icsd-174872,A3B2C5_oP40_62_3c_2c_5c:Pd-Ta-Te,40,10,1
icsd_115457,A5BCDE4_mC384_15_20f_4f_4f_4f_16f:C-Fe-K-N-O,384,48,1
icsd-174258,AB3C_hR30_167_b_e_a:Ni-O-Pr,30,3,1
icsd_127526,A2B_tP36_92_3b_ab:O-Si,36,5,1
icsd-176635,A5BC2_tI32_140_cl_a_h:Cl-Cs-Pb,32,4,1
icsd_128283,A8B60C57D5_aP260_2_8i_60i_57i_5i:Al-H-O-S,260,130,1
icsd_127176,A5B3C2_tP40_128_egh_dh_h:Ge-Ru-Sm,40,6,1
icsd_139168,A2B_tP6_136_f_a:O-Si,6,2,1
icsd-73773,AB_cF8_225_a_b:Ni-O,8,2,1
icsd_137176,AB3C_oP20_19_a_3a_a:Ba-O-Si,20,5,1
icsd-177024,A3BC_tI10_107_ab_a_a:Al-Au-Ce,10,4,1
icsd-137790,AB2CD6_mP20_14_a_e_c_3e:Co-La-Mn-O,20,6,1
icsd_119531,A2B2C3D2_mP18_14_e_e_ae_e:O-Sb-Se-Sr,18,5,1
icsd_115841,A2B2C9DE_mC60_15_f_f_e4f_e_e:H-Mo-O-Rb-Yb,60,9,1
icsd_136272,AB3C6D_oC132_36_ab_a4b_4a7b_ab:Fe-H-O-S,132,20,1
icsd-146796,ABCD_mC32_15_f_f_f_f:Ag-C-N-Se,32,4,1
icsd-64409,A_hP4_194_bc:C,4,2,1
icsd-59459,AB4C_mC24_15_e_2f_e:Ho-O-Ta,24,4,1
icsd-146112,A7BC6D2_aP32_2_ae6i_i_6i_2i:Li-N-O-Si,32,17,1
icsd-70364,AB2C6D_tP10_123_c_g_abi_d:Ba-Mn-O-Pr,10,6,1
icsd-137952,A6B3C_oP80_51_6l_3l_l:N-Na-Yb,80,10,1
icsd-175672,A8B2C3_mC52_15_4f_f_ef:O-P-Pb,52,7,1
icsd-174960,A2BCD2E6_oP48_62_2c_c_c_d_4cd:B-K-Lu-Na-O,48,10,1
icsd-146811,ABC6DE2_mP88_14_2e_2e_12e_2e_4e:Cl-Fe-O-Sr-Te,88,22,1
icsd-47914,A2B2C5_mP36_4_4a_4a_10a:As-Ba-Se,36,18,1
icsd-175737,AB5C2_oP32_62_c_5c_2c:Li-O-V,32,8,1
icsd-145381,A2B_oP24_61_2c_c:O-Ti,24,3,1
icsd-148049,A2BC6D_mC20_12_i_a_ij_d:Ba-Ce-O-Ta,20,5,1
icsd_124424,A4B11C_hR96_167_be_cef_a:N-O-Pu,96,6,1
icsd-44284,A3BC_cP5_221_c_a_b:O-Sr-V,5,3,1
icsd_129216,A_cI2_229_a:Mo,2,1,1
icsd_127658,AB4C_mC24_15_e_2f_e:Bi-O-V,24,4,1
icsd-149658,ABC3_hR30_167_a_b_e:C-Co-O,30,3,1
icsd-137817,A2B11C2DE_aP68_1_8a_44a_8a_4a_4a:Cu-O-Pb-S-Te,68,68,1
icsd-138062,A2B9C5_hR192_167_2c_3f_bef:Ir-O-Rb,192,8,1
icsd-48927,A3B3CD7E13_hP54_173_c_c_a_b2c_b4c:B-Ba-Cl-La-O,54,11,1
icsd-49635,AB2C4_cF56_227_a_d_e:Ag-Mo-O,56,3,1
icsd-47781,A3BC12D5_mP84_14_3e_e_12e_5e:As-Cl-O-Pb,84,21,1
icsd_119970,AB4C14D6_oP50_55_a_2g_4g3h_3h:Fe-Pb-S-Sb,50,13,1
icsd_127121,A_mC28_12_i3j:C,28,4,1
icsd-53392,AB2C4D7_tI28_139_a_e_de_beg:Al-Ca-P-Pt,28,7,1
icsd-149121,AB6C3_oP80_57_cd_2d5e_3e:Bi-Cl-Cs,80,12,1
icsd-128598,A6B2C_mP18_14_3e_e_a:I-K-Pt,18,5,1
icsd-163933,A5B4_oP36_62_c2d_2cd:Gd-Si,36,6,1
icsd-70558,AB6C4_mC44_15_e_3f_abf:Ca-P-Pt,44,7,1
icsd-146391,AB2C2_tI10_139_a_d_e:La-Mn-Si,10,3,1
icsd-175808,ABC3_mC20_15_e_c_ef:B-Fe-O,20,4,1
icsd-176727,AB6C2D_cF40_225_a_e_c_b:Bi-Cl-Cs-Na,40,4,1
icsd_127434,A5B4_cF72_227_ae_e:Fe-O,72,3,1
icsd-129366,A8B3C2_hR39_166_ch_ac_c:O-Sr-V,39,5,1
icsd-126569,A6B43C24_cP292_215_2i_e8i3j_abcd4e4ij:Ce-Cu-Sb,292,27,1
icsd_127967,AB4C_aP24_2_2i_8i_2i:Mg-O-W,24,12,1
icsd-128824,AB3C_oP20_62_a_cd_c:Ce-O-Sr,20,4,1
icsd_116693,A2BC4D2_tP9_123_g_a_2g_g:Bi-F-S-Sr,9,5,1
icsd_124218,ABC5_mP56_4_4a_4a_20a:As-Mn-O,56,28,1
icsd-137959,AB2C4DE_oP36_62_c_2c_4c_c_c:F-La-O-Se-Ta,36,9,1
icsd_124839,A2B_tP12_92_b_a:O-Te,12,2,1
icsd-71084,A6B2C5_oP52_53_e3hi_gh_f2hi:As-Ba-Zn,52,11,1
icsd_58691,AB2C4_tP56_126_f_k_2k:Ga-Rb-Tl,56,4,1
icsd-145365,AB2C2_tI10_139_a_d_e:Er-Pd-Si,10,3,1
icsd-144827,AB6C16D4_mP54_14_a_3e_8e_2e:Mn-Na-O-S,54,14,1
icsd-175696,AB6CDE11_oC80_36_a_3b_a_a_3a4b:Ag-Ga-K-Mg-S,80,13,1
icsd-177351,A3BC_mP40_11_4e4f_4e_2f:Br-Cs-Sn,40,14,1
icsd-139101,ABC2_mP16_14_e_e_2e:B-Li-O,16,4,1
icsd-144431,A4BC_oP24_62_2cd_c_c:O-P-V,24,5,1
icsd-149203,A2BCDE7_mP48_7_4a_2a_2a_2a_14a:H-I-Mo-Na-O,48,24,1
icsd-177428,AB4C_oP24_62_c_2cd_c:Cs-O-Re,24,5,1
icsd-177582,AB4C15D4_hP48_158_a_a2bc_5d_ab2c:Ba-La-O-Ti,48,14,1
icsd-52072,AB2_cF24_227_a_d:Cr-Zr,24,2,1
icsd-146375,A2B4C_cF56_227_c_e_b:Ga-O-Zn,56,3,1
icsd_127080,A_oP24_62_3d:C,24,3,1
icsd-46932,A3B16C2D4_mP50_14_ae_8e_e_2e:Ni-O-Rb-S,50,13,1
icsd-176669,AB4C2_oP28_33_a_4a_2a:Ge-N-P,28,7,1
icsd_117573,A4B2C4D9_mP76_14_4e_2e_4e_9e:B-Cs-H-O,76,19,1
icsd-45758,A4B12CD3_hR60_155_ad_2df_b_e:B-O-Pr-Sc,60,7,1
icsd-126831,ABCD4_oP28_62_a_c_c_2cd:Ca-Ga-Gd-O,28,6,1
icsd-175803,ABC3_hR30_167_a_b_e:B-Fe-O,30,3,1
icsd-149595,AB3C9D2_mP60_14_e_3e_9e_2e:Ca-Fe-O-Si,60,15,1
icsd_116362,A3B3C_oP56_26_4a4b2c_ab5c_2a2b:As-Eu-Zn,56,21,1
icsd_124213,AB3C4D3E5_mP64_14_e_3e_4e_3e_5e:Bi-C-H-N-S,64,16,1
icsd_116732,A3B_tI40_87_adhi_bh:H-Yb,40,6,1
icsd-175100,A5BC8_oI224_45_ab9c_2c_16c:Ga-Rb-S,224,29,1
icsd-129443,A2BC3_oP72_55_6g_3h_9g:C-Cs-N,72,18,1
icsd_61952,A10B2C17D3_oP128_60_5d_d_c8d_cd:B-Cl-O-Sn,128,17,1
icsd_137311,A12BC2_aP15_2_6i_a_i:F-Pd-Sb,15,8,1
icsd-129013,A2B3C8D_mP28_4_2a_3a_8a_a:As-Cs-S-Sm,28,14,1
icsd_89265,A2BCDE2_oC56_63_eg_f_ac_f_eg:Cl-H-Li-O-Sr,56,8,1
icsd-176452,A5B7C2D_mP60_14_5e_7e_2e_e:H-O-P-Sc,60,15,1
icsd-176147,A2B_mP12_14_2e_e:O-Zr,12,3,1
icsd_115775,A23B6C10_oC78_38_acde4f_abde_c2f:O-Rb-Si,78,15,1
icsd_57925,ABCD3_oC24_63_c_a_c_cf:Ba-Ce-Cu-Te,24,5,1
icsd_64316,A4BCD_tI56_82_4g_g_g_g:Br-Re-S-Te,56,7,1
icsd_86485,A2B2C8D_mC208_12_4i2j_4i2j_8i12j_2ij:Cs-Mo-O-Pb,208,35,1
icsd-70787,A12B3C14DE_hP62_147_4g_g_cd4g_d_c:H-Ni-O-S-Zn,62,13,1
icsd_124478,A2B4C15_mP252_14_6e_12e_45e:La-Mo-O,252,63,1
icsd_123997,ABCD2E_tI96_141_h_h_h_2h_h:Br-Cs-N-O-Pb,96,6,1
icsd_139163,A2B_tP6_136_f_a:O-Si,6,2,1
icsd-174253,AB3C_oP20_62_a_cd_c:Ni-O-Pr,20,4,1
icsd_119886,A5B2C2D2_tI22_139_ag_e_e_e:O-S-Ti-Y,22,5,1
icsd-176794,A2B6C10D4E_oP92_62_2c_2c2d_5d_2d_c:B-F-H-N-O,92,14,1
icsd_116270,A19B8_cP54_218_cei_ade:Si-Te,54,6,1
icsd_124301,A2B5C4D4E_mC128_15_2f_5f_ae3f_4f_f:Be-F-Na-O-P,128,17,1
icsd-70912,A2B_oI12_74_h_e:Al-Sr,12,2,1
icsd-175157,A6B3C_mC80_15_6f_3f_ce:Cl-Rb-Rh,80,11,1
icsd-175507,AB4C_mC24_15_e_2f_e:Nb-O-Y,24,4,1
icsd-176281,AB2C4_oC28_64_a_f_ef:Cu-La-O,28,4,1
icsd-146637,ABCD_tP8_129_c_a_b_c:Bi-Cu-O-S,8,4,1
icsd_127038,A8B3C6_oP68_51_8i_3i_6i:Al-Eu-Pt,68,17,1
icsd-175854,AB7C3D6_mC34_12_b_aej_ch_ij:Ba-Cu-K-S,34,8,1
icsd_127192,A5B3C2_tP40_128_egh_dh_h:Ge-Ru-Sm,40,6,1
icsd_115519,AB5CDE_oP72_61_c_5c_c_c_c:F-O-Pb-Te-V,72,9,1
icsd-139290,ABC_hP9_189_f_bc_g:Al-Ni-Y,9,4,1
icsd-146508,A2B3C_tP24_132_ade_io_j:Na-Se-Si,24,6,1
icsd_128158,AB7C4_oP96_55_gh_ef2g2h4i_2g2h2i:K-Na-Tl,96,18,1
icsd-174029,AB3C_mP20_14_ad_3e_e:Ni-O-Pr,20,6,1
icsd-129005,A2BC_oP48_55_2g2hi_ei_gi:Ge-Ru-Sc,48,9,1
icsd_137307,AB7C_oI36_74_c_ehj_a:Cu-F-Sb,36,5,1
icsd-147319,AB7C2_mP40_14_e_7e_2e:Ba-F-Fe,40,10,1
icsd-145324,AB2C8D2_tI104_110_a_b_4b_b:Ba-Mn-O-V,104,7,1
icsd-175792,ABC3_hR30_167_a_b_e:B-Fe-O,30,3,1
icsd_124481,A4B15C2_mP42_14_2e_a7e_e:Mo-O-Tb,42,11,1
icsd-177310,AB4C7_oP24_31_a_2ab_3a2b:Ba-Ga-Se,24,9,1
icsd-138301,A6B24CD12E14F2_mP236_14_6e_24e_e_12e_14e_2e:C-H-Mg-N-O-Re,236,59,1
icsd_136900,A2BC3D8_mP112_14_4e_2e_6e_16e:As-La-Na-O,112,28,1
icsd-176852,A2BC4_tI28_141_c_b_h:Cu-Ge-O,28,3,1
icsd_115763,A3BC4_cI16_217_b_a_c:Na-P-Se,16,3,1
icsd-149612,A2BC2_mC10_12_i_a_i:As-Ba-Ni,10,3,1
icsd-176151,AB8C4_cF52_216_a_2e_e:Ge-S-V,52,4,1
icsd_57319,AB3C_cP5_221_a_c_b:Ba-O-Zr,5,3,1
icsd-145518,AB6C_mC32_15_e_3f_e:Ca-O-S,32,5,1
icsd-138028,A4BCD5E2_oP52_19_4a_a_a_5a_2a:F-Fe-Li-O-P,52,13,1
icsd-126466,AB_cF8_225_a_b:N-Ti,8,2,1
icsd-138182,AB2C4DE_mP36_14_e_2e_4e_e_e:Cs-F-O-P-V,36,9,1
icsd-174245,AB3C_mP20_14_ad_3e_e:Ni-O-Pr,20,6,1
icsd_123981,AB3C9D2_mP60_14_e_3e_9e_2e:Bi-H-O-S,60,15,1
icsd_139175,A2B_oP6_58_g_a:O-Si,6,2,1
icsd-176628,A5BC2_tI32_140_cl_a_h:Cl-Cs-Pb,32,4,1
icsd-139286,AB12CD3_hP34_176_b_2hi_c_h:Na-O-Pb-Re,34,6,1
icsd_128271,A2B4C_oP28_62_ac_2cd_c:Mn-O-Si,28,6,1
icsd_127184,A5B3C2_tP40_128_egh_dh_h:Ge-Ru-Sm,40,6,1
icsd-64414,A_oF128_70_4h:S,128,4,1
icsd-137762,AB2CDE7F4_aP32_2_i_2i_i_i_7i_4i:Ag-H-O-Rb-S-Sb,32,16,1
icsd-148795,ABC2_hP4_164_a_b_d:Cr-Li-Se,4,3,1
icsd-129286,A2BC4_cF56_227_c_b_e:Fe-Ni-O,56,3,1
icsd_116289,A2BC2DE2F6_hP28_165_d_a_d_b_d_3g:B-Ba-Be-Cd-F-O,28,8,1
icsd-126523,ABC2_hP8_194_c_a_f:Al-C-Sc,8,3,1
icsd-175395,A3B2C7_oC48_63_cg_g_c2eg:La-Ni-O,48,7,1
icsd-148111,A17BC4D3_oP100_19_17a_a_4a_3a:O-Sr-Ta-Te,100,25,1
icsd-176940,AB6C2D_mP40_14_e_6e_2e_e:H-O-Pr-Ru,40,10,1
icsd_87390,A12BC3D2_hP36_186_4c_b_c_ab:O-Rb-Sb-Se,36,8,1
icsd-45934,AB2C10D3_mP32_11_e_f_2e4f_ef:Ba-Lu-O-Si,32,10,1
icsd-70379,A2BCD6_mP20_14_e_a_d_3e:Ca-In-Nb-O,20,6,1
icsd-45037,A3B3C2D4_oP96_60_3d_3d_2cd_4d:B-F-K-O,96,13,1
icsd-70396,A2B2C7D_oP48_32_2c_2c_ab6c_c:B-Bi-O-Zn,48,13,1
icsd-139117,ABC2_mP16_14_e_e_2e:B-Li-O,16,4,1
icsd_125228,A6BC2DE6_mP32_14_3e_a_e_d_3e:C-Fe-K-Mg-N,32,9,1
icsd-146949,ABC2_tI16_122_a_b_d:Ag-Ga-Se,16,3,1
icsd-138356,AB9C3_oC52_20_a_b4c_ac:La-O-P,52,8,1
icsd-148404,A2B7C2D_oP96_55_2g2h_ef2g2h4i_2i_i:Cs-O-Si-Tm,96,17,1
icsd-177347,A3BC_tP10_127_bg_c_a:Br-Cs-Sn,10,4,1
icsd-145236,A2B2CD2E2_tI18_139_e_d_a_e_c:Eu-F-O-Sb-Ti,18,5,1
icsd-174992,A11BC2_mP112_14_22e_2e_4e:O-Pu-Re,112,28,1
icsd-175680,A5B2C2DE8_oP72_60_c2d_d_d_c_4d:B-F-Li-Na-O,72,10,1
icsd-53675,A_hP4_187_abh:Re,4,3,1
icsd-70545,ABC3_oP20_62_a_c_cd:Cr-La-O,20,4,1
icsd_127096,A_oP32_62_4d:C,32,4,1
icsd-149096,ABCD_tP8_129_c_c_c_a:B-N-Nd-Ni,8,4,1
icsd-146363,AB3C_mP20_14_ad_3e_e:Ni-O-Tl,20,6,1
icsd_128699,A6B5C2D43EF9G2_mP272_14_6e_5e_2e_43e_e_9e_2e:H-K-Na-O-P-W-Zn,272,68,1
icsd-126431,A2B3_cI80_206_ad_e:Gd-O,80,3,1
icsd-42967,A_cF4_225_a:Fe,4,1,1
icsd-200556,A3B9C4_aP192_1_36a_108a_48a:Ba-O-Y,192,192,1
icsd_116231,A2B2C2D2E_oC36_64_e_d_f_d_a:Ag-Ba-O-Te-Zn,36,5,1
icsd-148687,AB3C_oP20_62_c_cd_a:Eu-O-V,20,4,1
icsd-129394,A8B4C_aP26_2_8i_4i_i:O-Pb-S,26,13,1
icsd-147572,ABC3_oC20_63_a_c_cd:Al-Gd-O,20,4,1
icsd-128993,A4B20C2D17_mC172_15_2f_10f_ae_e8f:B-H-Na-O,172,23,1
icsd_137079,AB2C4_oP28_62_c_2c_2cd:C-Ca-O,28,6,1
icsd_116724,A8B6CD2E26F_hP44_147_dg_g_a_d_d4g_b:B-Ce-Mg-Nb-O-S,44,11,1
icsd-147437,A3B_tI32_139_im_de:Si-Tb,32,4,1
icsd_116374,AB10C2D3_oP128_29_2a_20a_4a_6a:Na-O-P-Sb,128,32,1
icsd-137735,ABC4DE_mP32_14_e_e_4e_e_e:Cl-K-O-S-Zn,32,8,1
icsd-128839,A5B12C2_oP76_19_5a_12a_2a:Cd-O-P,76,19,1
icsd_123893,ABC3_oP20_62_c_a_cd:Ba-Ce-O,20,4,1
icsd_127079,A_oP16_54_cdf:C,16,3,1
icsd-149583,AB3C9D2_mP60_14_e_3e_9e_2e:Ca-Fe-O-Si,60,15,1
icsd-174707,A2BC2DE6_mP48_14_2e_e_2e_e_6e:F-Ga-I-Na-O,48,12,1
icsd_128676,AB3_tI32_121_f_g2i:P-W,32,4,1
icsd_127429,A2B_hP9_152_c_a:O-Si,9,2,1
icsd_59215,A2BCD6_cF40_225_c_a_b_e:Bi-Cr-Ni-O,40,4,1
icsd-46861,ABC4D_mP84_14_3e_3e_12e_3e:Ga-Na-O-Si,84,21,1
icsd-64204,AB_cF8_225_a_b:Mn-N,8,2,1
icsd_124012,A2B7C2_aP22_2_2i_7i_2i:Cu-O-V,22,11,1
icsd-63938,A2B_cP6_224_b_a:Ag-O,6,2,1
icsd-146932,AB2_oP6_58_a_g:Ru-Sb,6,2,1
icsd_116533,AB5C2_oP128_60_2d_ac9d_2c3d:Al-F-K,128,18,1
icsd-174906,ABC4D_oP28_62_c_a_2cd_c:Fe-Li-O-P,28,6,1
icsd-175244,A3B2C7_tI24_139_ae_e_beg:La-Ni-O,24,6,1
icsd_119783,A3BC_cP5_221_c_b_a:O-Sn-Sr,5,3,1
icsd-49595,AB2C_tI32_141_c_h_d:Ca-O-W,32,3,1
icsd-128792,A2B7C2_oP88_33_4a_14a_4a:B-O-Te,88,22,1
icsd_124854,AB4C2D_hP216_144_9a_36a_18a_9a:C-H-N-Se,216,72,1
icsd_128174,A_hR18_148_f:Se,18,1,1
icsd-176192,ABC3D_oC24_63_c_c_cf_a:Ba-Cu-Se-Yb,24,5,1
icsd-47071,A3BC12D3_mC76_12_acj_g_2i5j_ij:K-La-O-S,76,13,1
icsd_87168,ABC_hP6_194_c_d_a:H-La-S,6,3,1
icsd-148243,A4BC19D32_tI224_141_h_a_bcfgi_2h3i:Ba-Br-In-S,224,12,1
icsd-144630,AB4C_tI24_88_a_f_b:Bi-O-V,24,3,1
icsd_115489,A6B6C3D_hR96_161_2b_2b_b_a:H-O-P-Ti,96,6,1
icsd-176741,A2BCD4_tP8_123_h_a_b_i:Bi-Cl-Gd-O,8,4,1
icsd-70181,A2B2C2D4E_mP11_6_2a_c_2b_2a2b_a:F-H-K-O-W,11,10,1
icsd_58886,A2B4C_oP28_62_2c_2cd_c:K-S-W,28,6,1
icsd-64592,AB8C14D2E2_tI54_87_a_i_ehi_d_e:Co-H-O-P-V,54,7,1
icsd_127452,A5B4_cF72_227_ae_e:Fe-O,72,3,1
icsd-201296,A2B7C2_cF88_227_d_af_c:Gd-O-Ti,88,4,1
icsd_139159,A2B_tP6_136_f_a:O-Si,6,2,1
icsd_127147,ABC_oP12_62_c_c_c:Cr-P-Ta,12,3,1
icsd-175881,A3B3C2D2E12F3_cI200_199_c_2b_2a_2a_4c_c:Be-Ca-F-Li-O-Si,200,12,1
icsd_123554,ABC4D6_mP48_14_e_e_4e_6e:Cl-Cs-In-S,48,12,1
icsd-177015,A3BC_tI10_107_ab_a_a:Al-Ce-Cu,10,4,1
icsd-74087,ABC3_oP20_62_a_c_cd:Fe-Nd-O,20,4,1
icsd-145164,AB3C3D8_hP45_174_ace_3j_3k_5j3k:Ag-Ga-Mg-Se,45,17,1
icsd_127844,A2BC2DE26F4_mP72_13_ac_e_bf_e_13g_2g:Al-Ca-Fe-Mn-O-P,72,21,1
icsd-145534,AB6C2_mC72_15_ce_6f_2f:Mn-O-P,72,10,1
icsd_122892,AB9C2D2_mC168_15_ef_e13f_3f_3f:Mo-O-P-Rb,168,22,1
icsd-147677,A5B3C9_tI272_142_d2g_cef_e4g:B-Na-S,272,11,1
icsd-148078,AB2C2DE6_tP24_113_a_e_e_c_ef:Co-Eu-Ge-O-S,24,6,1
icsd_128436,A4B2C7DE_oP60_29_4a_2a_7a_a_a:H-N-O-S-Sr,60,15,1
icsd_61483,A2B15C44D14_hR225_148_c_d2f_c7f_c2f:H-Mn-O-Te,225,15,1
icsd_124946,AB8C2D_mP24_4_a_8a_2a_a:H-O-S-Tb,24,12,1
icsd_127393,A2BC6D_hR30_148_c_a_f_b:B-Mn-O-Sn,30,4,1
icsd_116837,A3BC2D9_oP60_62_cd_a_d_3c3d:Ba-Ca-Mo-O,60,10,1
icsd-149669,AB2C3_hP12_194_c_ad_h:C-Na-O,12,4,1
icsd-70355,AB2C6D_tP10_123_c_g_abi_d:Ba-Mn-O-Pr,10,6,1
icsd-47026,A2B12C3_mC68_15_f_6f_ef:Gd-O-W,68,9,1
icsd_127686,A7B18C28D4E4_mP122_14_a3e_9e_14e_2e_2e:Ca-H-O-Si-Zn,122,31,1
icsd-148994,A2B2C9D2_oP60_19_2a_2a_9a_2a:B-K-O-P,60,15,1
icsd-149686,AB2C3_hP12_194_c_ad_h:C-Na-O,12,4,1
icsd_64394,A2B2C7_mC22_12_i_h_aij:Ge-In-O,22,5,1
icsd-138395,AB4CD_tP28_113_e_2cd2e_e_e:Ag-O-Sm-Ti,28,8,1
icsd_63902,ABC5_cF28_216_a_b_ce:I-P-S,28,4,1
icsd-126671,AB27C9D5E2_mP176_14_e_27e_9e_5e_2e:Br-H-N-O-U,176,44,1
icsd-174951,A2B5C4_mC88_15_aef_5f_4f:I-O-Sb,88,12,1
icsd-175643,A2BC12D6_mC42_12_i_a_2i2j_ij:Cl-Co-H-O,42,8,1
icsd-49192,A2BC_tP4_123_h_a_b:Er-In-Ru,4,3,1
icsd-43065,A3B2_tP10_127_ah_g:La-Si,10,3,1
icsd_127405,A4BC6D_tI48_140_l_b_hl_a:C-Li-N-Tl,48,5,1
icsd_125438,AB2C2_tI40_141_c_h_h:Ce-O-Si,40,3,1
icsd-54173,ABC4_aP12_2_i_i_4i:Cs-Cu-S,12,6,1
icsd-176716,A2BC4_oP28_62_2c_c_4c:Bi-Pb-S,28,7,1
icsd_127055,A3B12C4D18_mP74_4_3a_12a_4a_18a:As-H-Mn-O,74,37,1
icsd-64195,AB_cF8_225_a_b:Mn-N,8,2,1
icsd_125068,A4BCD6_hP12_191_h_a_b_i:As-Br-N-O,12,4,1
icsd-148214,A4BC_oP24_55_4h_g_g:B-Cr-Y,24,6,1
icsd_124229,A3BC2_cI48_214_f_a_e:Ag-Au-Se,48,3,1
icsd-148644,A2BCD3_oC28_63_g_c_a_ce:Ca-Cl-Mn-O,28,5,1
icsd-126558,A7BC2D_oP22_31_3a2b_a_b_a:F-K-Na-Zr,22,8,1
icsd_127956,AB7CD2_oC44_63_a_cgh_b_g:Na-O-Sb-Se,44,6,1
icsd-177412,A4B_cP40_205_cd_c:I-Sn,40,3,1
icsd-138403,A2BC3_oC24_36_b_a_ab:Ag-Ge-S,24,4,1
icsd-148701,A6BC2DE6_cF64_225_e_a_c_b_e:C-Fe-K-Mn-N,64,5,1
icsd_127540,AB3C9D2E5_oP160_31_4a_4a4b_8a14b_8a_4a8b:Ba-Ce-N-O-Si,160,54,1
icsd_123850,AB6C2_mC36_12_g_2i2j_j:Fe-O-Si,36,6,1
icsd_61250,A2B10C2D_oP30_58_g_g2h_g_a:Cl-F-O-Pt,30,6,1
icsd_127110,A_mP16_13_4g:C,16,4,1
icsd-176653,A6B4C_hR66_167_f_ae_b:Cl-Cs-Pb,66,4,1
icsd_61495,A6BC_hR24_148_f_a_b:F-Ge-Mg,24,3,1
icsd_128420,A6BC2_oI36_71_lmn_ab_fg:Gd-In-Ru,36,7,1
icsd-119962,A2BC_tI16_139_ce_e_d:Bi-Eu-Zn,16,4,1
icsd-201957,AB3C3_cP7_221_a_c_d:As-I-Sr,7,3,1
icsd-147661,AB2C6D_tP20_128_a_d_eh_b:Ce-Cs-I-Na,20,5,1
icsd_86807,A7B3C12_aP176_2_28i_12i_48i:B-K-O,176,88,1
icsd-175340,A5BC3_mC72_15_5f_ce_3f:Cl-In-Rb,72,10,1
icsd-146836,ABC8D2_oP48_52_d_c_4e_e:Cs-Eu-O-S,48,7,1
icsd-201812,AB2_oC48_64_df_2g:Fe-Si,48,4,1
icsd-126667,A4B4C8D_mC68_15_2f_2f_4f_e:C-Li-N-Si,68,9,1
icsd-147374,A21B6C7D4_oP76_59_ae3f3g_2ef_beg_g:Bi-Cl-I-Rh,76,15,1
icsd_124546,A11B2_hP39_180_cg2k_j:N-Y,39,5,1
icsd-146565,A17B3C_mP84_14_17e_3e_e:O-Tc-Th,84,21,1
icsd-149690,AB2C3_hP12_194_c_ad_h:C-Na-O,12,4,1
icsd_126982,ABC_hP6_186_b_b_a:Ni-Sb-Tm,6,3,1
icsd_127690,A2B4C6D_mC52_15_f_2f_3f_e:C-H-O-Zn,52,7,1
icsd_128565,ABC2_oP16_62_c_c_2c:Fe-H-O,16,4,1
icsd_127940,AB3CD_oC24_63_c_cf_c_a:Cu-Se-Sr-Yb,24,5,1
icsd_127043,A3B20C6_cF116_225_ac_fh_e:Lu-Pd-Si,116,5,1
icsd-64183,AB_cF8_225_a_b:Mn-N,8,2,1
icsd-70590,A2B5C4_oP22_58_g_a2g_2g:Al-Co-La,22,6,1
icsd-176700,AB2_cF24_227_a_d:Hf-V,24,2,1
icsd-176350,A4B3C10_oC68_64_2f_af_e2fg:Ba-Mn-O,68,8,1
icsd_115562,AB12C3D36E10F4_hP132_159_b_12c_3b_36c_a9c_2a2b:F-Ge-Li-O-Rb-Sc,132,66,1
icsd-176645,A6B4C_hR66_167_f_ae_b:Cl-Cs-Pb,66,4,1
icsd_127106,A_mP16_14_4e:C,16,4,1
icsd-139204,AB2C6D_hR30_146_a_2a_2b_a:Fe-Mn-O-Sb,30,6,1
icsd_128359,A8B2C3_mC52_15_4f_f_ef:O-P-Zn,52,7,1
icsd-149556,AB6C2D_mP20_14_a_3e_e_d:Mg-O-Tb-Ti,20,6,1
icsd_137106,A3BC12_mP64_14_3e_e_12e:B-Ca-O,64,16,1
icsd-82346,ABCD2E_mP72_14_3e_3e_3e_6e_3e:Ag-H-N-O-P,72,18,1
icsd_137556,A5B3_tI32_140_cl_ah:Eu-Si,32,4,1
icsd-147266,ABC3_hP30_185_ab_c_ab2c:Dy-In-O,30,7,1
icsd_124454,ABC3_hR30_148_c_c_f:Ir-Mg-O,30,3,1
icsd_63806,A2B2C6D_mC44_15_f_f_3f_e:F-I-O-Zr,44,6,1
icsd-148469,A4B_tI10_139_de_a:Al-Eu,10,3,1
icsd-47821,AB2C4_cF56_227_a_d_e:Li-Mn-O,56,3,1
icsd-175317,ABC3_hP30_194_bf_af_hk:Ba-Fe-O,30,6,1
icsd_96503,ABC_hP6_194_a_c_d:Ba-Pd-Zn,6,3,1
icsd-148039,A2B4C_cF56_227_c_e_b:Fe-O-Zn,56,3,1
icsd_115759,A3BC4_tP16_114_ad_b_e:Na-P-Se,16,4,1
icsd-70601,AB3C_tP5_99_b_ac_a:Ba-O-Ti,5,4,1
icsd_128532,AB_cF8_225_a_b:Co-O,8,2,1
icsd-47067,A5BC24D6E2_mC76_12_aj_c_2i5j_ij_g:K-Na-O-S-Sm,76,13,1
icsd-176184,A3B4C15D4_oP104_33_3a_4a_15a_4a:Fe-Na-O-P,104,26,1
icsd-146498,A2B_tI6_139_d_a:H-Zr,6,2,1
icsd_124842,AB4C2D_hP216_144_9a_36a_18a_9a:C-H-N-Se,216,72,1
icsd-176887,AB7C2D2E_tP26_100_a_bcd_c_c_a:F-O-P-Rb-Sb,26,7,1
icsd-174910,ABC2_hP8_194_c_a_f:Ge-N-V,8,3,1
icsd-129195,A3BC4D3E_oP48_62_cd_c_2cd_cd_c:Cl-H-O-Pb-Se,48,9,1
icsd_127444,A5B4_cF72_227_ae_e:Fe-O,72,3,1
icsd-167516,A6BCD2E6_cF64_225_e_a_b_c_e:C-Co-Fe-K-N,64,5,1
icsd_124792,AB4C4_cF72_227_a_e_e:Ag-Mo-O,72,3,1
icsd_115866,A5B12C3_cI160_230_ad_h_c:Fe-O-Y,160,4,1
icsd_127917,AB2C9D2_oP56_62_c_ac_5c2d_2c:Ca-Fe-O-P,56,12,1
icsd-145522,AB6C_mC32_15_e_3f_e:Ca-O-S,32,5,1
icsd-139253,A12B3CD_mP68_14_12e_3e_e_e:O-Se-Zn-Zr,68,17,1
icsd-149151,AB6C6_hP13_191_a_i_cde:Ho-Mn-Sn,13,5,1
icsd-176665,A10BC2D3E18_oP136_29_10a_a_2a_3a_18a:B-Cs-H-Na-O,136,34,1
icsd-149126,ABC2_cF16_225_a_b_c:Al-Fe-V,16,3,1
icsd_127126,A_mP16_14_4e:C,16,4,1
icsd-47786,A3B2C2D5_cI48_199_b_a_a_ab:Ba-Cl-Ga-O,48,5,1
icsd-126581,ABC2_oP16_62_c_c_2c:Ga-H-O,16,4,1
icsd-147092,ABC5D2_oP36_62_c_c_c2d_2c:Ba-Cu-O-Sm,36,7,1
icsd-128989,A3BC9D_oP56_62_a2c_c_5c2d_c:Cu-Mo-O-S,56,12,1
icsd-129361,A8B3C2_hR39_166_ch_ac_c:O-Sr-V,39,5,1
icsd-138120,ABC10D_mP52_14_e_e_10e_e:Au-B-F-Sr,52,13,1
icsd-128823,AB3C_oP20_62_a_cd_c:Ce-O-Sr,20,4,1
icsd_119832,AB3C3D2_oP36_62_c_cd_cd_2c:C-La-N-O,36,7,1
icsd-176720,AB6C2D_cF40_225_a_e_c_b:Bi-Cl-Cs-Na,40,4,1
icsd-128570,A9B3C16_hR252_148_ac4f_bcf_8f:Ba-Hf-Se,252,17,1
icsd_127433,A5B4_cF72_227_ae_e:Fe-O,72,3,1
icsd-64009,ABC8D2E_mP52_14_e_e_8e_2e_e:Cu-In-O-P-Rb,52,13,1
icsd-145739,AB12C3D2_hR108_167_b_2f_e_c:Li-O-P-Ti,108,5,1
icsd-129418,A6BCD3E13_oP96_33_6a_a_a_3a_13a:B-Cd-Dy-H-O,96,24,1
icsd-145369,AB2C2_tI10_139_a_d_e:Er-Pd-Si,10,3,1
icsd-137955,AB6C3_oP80_61_c_6c_3c:Er-N-Na,80,10,1
icsd-70363,AB2C6D_tP10_123_c_g_abi_d:Ba-Mn-O-Pr,10,6,1
icsd-137810,AB4C2D_tP32_90_ac_2g_g_bc:Cl-O-Sb-Tm,32,7,1
icsd-175730,AB6C3D18_aP112_1_4a_24a_12a_72a:Bi-I-Na-O,112,112,1
icsd_129211,A2B4C_oP28_62_ac_2cd_c:Fe-O-Si,28,6,1
icsd-47856,A12BC6D2E36F6_cP252_198_4b_a_2b_2a_12b_2b:H-K-Mo-Ni-O-Sb,252,23,1
icsd_124423,A3B11CD_hR96_167_e_cef_a_b:N-O-Pu-Rb,96,6,1
icsd_57303,AB2C3_hP18_191_ad_2l_2f2k:Ca-Pd-Zn,18,8,1
icsd-145502,AB6C_mC32_15_e_3f_e:Ca-O-S,32,5,1
icsd_123132,A5B3_mC32_12_5i_3i:O-Ti,32,8,1
icsd_85026,A2B12C4D_aP38_2_abi_12i_4i_i:Fe-O-Se-Sr,38,20,1
icsd-147495,A3B8C2_oC52_64_ae_2fg_f:Mg-O-V,52,6,1
icsd-138198,A2BC6D_tP40_86_abc_e_3g_d:Mn-Nd-O-Ta,40,8,1
icsd-46969,ABC3_oP20_62_a_c_cd:Fe-Ho-O,20,4,1
icsd-51255,AB2CD5_oP18_51_a_2f_c_2efj:Ba-Co-Eu-O,18,8,1
icsd_128284,A6B25CD33E4_mP276_14_6e_25e_e_33e_4e:Fe-H-K-O-P,276,69,1
icsd-176632,A5BC2_tI32_140_cl_a_h:Cl-Cs-Pb,32,4,1
icsd-70158,AB6C6_hP13_191_a_cde_i:Er-Ge-Mn,13,5,1
icsd-149171,A2B6C_cF36_225_c_e_a:Cs-I-Zr,36,3,1
icsd-44811,A7B2C_aP20_2_7i_2i_i:O-P-Ti,20,10,1
icsd_139180,A2B_oP6_58_g_a:O-Si,6,2,1
icsd-176777,A5BC5DE_mP26_11_3ef_e_3ef_e_a:H-N-O-P-V,26,11,1
icsd_63349,AB_cF8_225_a_b:Ba-O,8,2,1
icsd-144606,A2B_cF24_227_2c_b:Co-Tb,24,3,1
icsd-137778,AB_oP8_62_c_c:Se-Sn,8,2,1
icsd_123077,ABC6D_oP36_33_a_a_6a_a:Fe-Ho-O-W,36,9,1
icsd_116339,AB_hP4_194_a_c:Mn-Te,4,2,1
icsd-129336,AB2C2_oI10_71_a_f_h:Al-La-Ni,10,3,1
icsd_127937,ABC3D_oP24_62_c_c_3c_c:Cu-Nd-Se-Sr,24,6,1
icsd-137902,ABC_hP9_189_ad_g_f:Cu-In-Tb,9,4,1
icsd-47944,A2BC4_cF56_227_c_b_e:Cr-Fe-S,56,3,1
icsd-45979,A2BC2D12E3_mC80_15_f_e_ae_6f_ef:Co-Fe-Na-O-P,80,12,1
icsd-126610,A2B2C7D_tP24_113_e_e_cef_a:Be-Nd-O-Si,24,6,1
icsd-386497,A2B_cF24_227_c_a:O-Si,24,2,1
icsd-74377,AB3C_oP20_62_a_cd_c:Fe-O-Sm,20,4,1
icsd-175337,AB6C2D_cF40_225_a_e_c_b:Ag-Cl-Cs-In,40,4,1
icsd-45996,ABC_oC12_63_a_c_c:Al-Ge-Ho,12,3,1
icsd-146904,A6BC3_hP20_163_i_c_af:Cl-In-Na,20,4,1
icsd-176848,A2BC4_tI28_141_c_b_h:Cu-Ge-O,28,3,1
icsd-146457,AB2C5D5E2_mP60_14_e_2e_5e_5e_2e:B-Cu-F-O-Te,60,15,1
icsd-59223,AB4C_mC24_15_e_2f_e:Dy-O-Ta,24,4,1
icsd-126893,A3B2CD14E3_oP92_62_cd_d_c_4c5d_cd:K-Mg-Mo-O-P,92,15,1
icsd-144755,AB3C_hP10_194_c_h_a:Ba-Se-V,10,3,1
icsd-146768,AB2_cF12_225_a_c:Ce-O,12,2,1
icsd_139179,A2B_oP6_58_g_a:O-Si,6,2,1
icsd-48432,A2B3CD6_oP48_62_2c_cd_c_4cd:B-K-Nd-O,48,10,1
icsd_128338,AB4C_hP108_176_hi_2h5i_hi:Al-O-P,108,11,1
icsd-174249,AB3C_oP20_62_a_cd_c:Ni-O-Pr,20,4,1
icsd-148776,A3B2C9D_hP30_176_af_f_hi_b:Ba-Mo-O-Sr,30,6,1
icsd-128927,A_hR3_166_a:Bi,3,1,1
icsd-145514,AB2C7D2E2_oC56_63_c_e_c2eg_g_e:La-Li-O-Ta-Ti,56,8,1
icsd-138024,A8B3C4_oP30_55_g3h_ag_gh:Bi-Ca-Pd,30,8,1
icsd_127921,A2BC4_hR126_148_2f_f_4f:Be-Ge-O,126,7,1
icsd-70908,A2BC3_oP24_62_2c_c_3c:Ba-Mn-Se,24,6,1
icsd-139320,A2BC4D_tP8_123_h_a_i_b:Bi-Cl-O-Sm,8,4,1
icsd-144610,ABC4_mC48_12_gi_hi_2i3j:Mg-Mo-O,48,9,1
icsd-46990,ABC3_oP20_62_a_c_cd:Fe-Nd-O,20,4,1
icsd-64418,A_hP4_186_ab:C,4,2,1
icsd_123962,A4B26C4DE24_aP59_2_2i_13i_2i_a_12i:C-H-Mo-Ni-O,59,30,1
icsd_127188,A5B3C2_tP40_128_egh_dh_h:Ge-Ru-Sm,40,6,1
icsd-146787,A2BCD4_tI32_140_h_c_a_l:B-Cr-Si-Ta,32,4,1
icsd-45715,ABC2D3_oP56_61_c_c_2c_3c:As-Cs-Cu-S,56,7,1
icsd-147315,A2B3C9_oF112_43_b_ab_a4b:Al-C-O,112,8,1
icsd-47952,A5B3_mP32_13_ef4g_ab2g:O-V,32,10,1
icsd-129009,A2B3CD8_mP28_4_2a_3a_a_8a:As-Cs-La-S,28,14,1
icsd-70322,A3B_tP16_136_cj_f:Ga-Ru,16,3,1
icsd-128618,A2B7C2_cF88_227_c_af_d:Eu-O-Ti,88,4,1
icsd-70637,ABC_hP6_186_b_a_b:Au-Er-Ge,6,3,1
icsd-201936,A3B3C_cP7_221_c_d_a:Br-Ca-P,7,3,1
icsd-45980,AB2C2D12E3_oI80_74_a_be_g_hi2j_eg:Fe-Na-Ni-O-P,80,10,1
icsd-175321,AB2C_cF16_225_a_c_b:Li-Pd-Si,16,3,1
icsd_116513,ABCD50E4F6_mP252_14_e_e_e_50e_4e_6e:Cs-K-Lu-O-Se-Ta,252,63,1
icsd_127999,A2B3C_cP24_213_c_d_a:Co-Mo-N,24,3,1
icsd-128970,A3B2C9_oP56_62_a2c_2c_5c2d:Cu-Mo-O,56,12,1
icsd-177598,A20BCD22E5_aP98_2_20i_i_i_22i_5i:H-Mg-N-O-V,98,49,1
icsd_60461,ABC3D_mP24_14_e_e_3e_e:Ba-N-O-Tc,24,6,1
icsd_115942,AB4_cP40_205_c_cd:C-F,40,3,1
icsd-129232,A2BC6DE_mP22_11_2e_e_2e2f_e_e:B-K-O-Sr-Y,22,9,1
icsd_61620,A6BC4D2E_mP56_14_6e_e_4e_2e_e:F-Ge-H-O-Sr,56,14,1
icsd-149560,A2BC6D_mP20_14_e_a_3e_d:Er-Mg-O-Ti,20,6,1
icsd-139232,ABCD3_oC24_63_c_a_c_cf:Cu-Er-Sr-Te,24,5,1
icsd_127130,A_mC32_15_4f:C,32,4,1
icsd-149130,ABC2_cF16_225_a_b_c:Al-Mn-V,16,3,1
icsd-48170,A2B7C2_cF88_227_c_af_d:Eu-O-Ti,88,4,1
icsd_127425,A2B_hP9_152_c_a:O-Si,9,2,1
icsd-149075,A2B7C2_oP44_33_2a_7a_2a:Gd-O-Si,44,11,1
icsd-175819,A2B_oI12_71_eg_f:Te-U,12,3,1
icsd_127075,A_oC32_64_dfg:C,32,3,1
icsd-137739,AB4CDE_mP32_14_e_4e_e_e_e:Cl-O-Rb-S-Zn,32,8,1
icsd_124209,ABC3D_hP36_190_3h_af_3h3i_2g:C-F-O-Sm,36,13,1
icsd-52087,AB_cF8_225_a_b:Mg-O,8,2,1
icsd-129377,A7B8CD16_aP64_2_7i_8i_i_16i:B-H-Nd-O,64,32,1
icsd-49331,ABC4D_oP28_62_c_c_2cd_c:K-P-S-Sr,28,6,1
icsd-70375,AB19C7_hP54_188_a_ghk2l_cl:Gd-O-Ta,54,8,1
icsd-47905,A4B5_oC36_63_acf_c2f:Fe-O,36,6,1
icsd-175399,AB3C_oP20_62_c_cd_c:Ba-O-Pt,20,4,1
icsd_124435,AB3C11D_hR96_167_b_e_cef_a:Cs-N-O-U,96,6,1
icsd-144978,A5BC8_cP56_212_cd_a_ce:Ga-Li-O,56,5,1
icsd_128945,A4B2C9_aP30_2_4i_2i_9i:As-Nd-O,30,15,1
icsd-148058,AB2C3_hP36_169_a_2a_3a:Ge-Li-S,36,6,1
icsd_125224,A6BCD4E6F2G2_mP44_14_3e_a_d_2e_3e_e_e:C-Ca-Fe-H-N-Na-O,44,12,1
icsd-42341,A9B3CD31E6_hR150_160_bc_b_a_a4b3c_c:Al-B-Na-O-Si,150,13,1
icsd-137806,AB4C2D_tP32_90_ac_2g_g_bc:Cl-O-Sb-Tb,32,7,1
icsd_124966,A2B9C8D18E_hP76_165_d_fg_dg_3g_b:Br-C-Ce-N-O,76,9,1
icsd_128251,A9BC28D7E_hR276_161_3b_a_a9b_a2b_a:Ca-H-O-P-Zn,276,18,1
icsd-144796,A_cI2_229_a:La,2,1,1
icsd-70477,AB6C4_hR66_167_b_f_ae:Cd-Cl-Rb,66,4,1
icsd-174770,A2BC4_tI28_141_c_b_h:Cr-Ni-O,28,3,1
icsd-175862,A6B2C_cF36_225_e_c_a:Cl-Cs-Ir,36,3,1
icsd-146601,A2BC6D_hR30_148_c_a_f_b:Ba-Nd-O-Sb,30,4,1
icsd-147913,A3B4CD12_hR60_155_e_ad_b_2df:Al-B-Eu-O,60,7,1
icsd-200464,ABC4D_mP28_14_e_e_4e_e:H-K-O-Te,28,7,1
icsd-137742,ABC4DE_mP32_14_e_e_4e_e_e:Br-Cs-O-S-Zn,32,8,1
icsd-147440,A3B_tI32_139_im_de:Si-Tm,32,4,1
icsd-175161,AB6C2D_hR60_166_c_2h_2c_ab:Ag-Cl-Cs-Rh,60,7,1
icsd-60027,AB4C_mC24_15_e_2f_e:Ho-O-Ta,24,4,1
icsd-170363,ABCD5_hP16_194_c_a_d_fh:C-K-Np-O,16,5,1
icsd-126503,ABC2_hP8_194_a_c_f:C-Ga-Sc,8,3,1
icsd_57339,A2B4C25D6_hP37_147_c_2d_a4g_g:B-Cd-O-S,37,9,1
icsd-145538,ABC2_hR12_166_a_b_c:Co-Li-O,12,3,1
icsd-138008,A10B10CD_mC88_15_5f_5f_c_e:H-O-Pt-S,88,12,1
icsd-147155,AB17C2D4_hP48_165_b_df2g_d_cd:Ba-O-P-W,48,8,1
icsd-175024,A2B3_hR30_167_c_e:Al-O,30,2,1
icsd-177019,A3BC_tI10_107_ab_a_a:Al-Cu-Sm,10,4,1
icsd-70861,ABCD6_oP36_33_a_a_a_6a:I-K-Mo-O,36,9,1
icsd_57293,A10B3C8D3_mP96_14_10e_3e_8e_3e:H-N-O-P,96,24,1
icsd-126915,A8B3C14D3_oP56_31_4b_ab_4a5b_ab:H-N-O-U,56,17,1
icsd-70532,A5BC8D2_mP64_14_5e_e_8e_2e:H-Nd-O-Se,64,16,1
icsd_139155,AB3C_hR30_148_c_f_c:Mg-O-Si,30,3,1
icsd-144779,AB7CD2E_mP48_14_e_7e_e_2e_e:K-O-Sc-Si-Sr,48,12,1
icsd-139249,AB12C3D_mP68_14_e_12e_3e_e:Mn-O-Se-Zr,68,17,1
icsd-147856,A_hP2_194_c:Tb,2,1,1
icsd-200872,AB_hP4_186_b_b:O-Zn,4,2,1
icsd-177330,ABC2_hP12_152_a_b_c:Ba-Co-O,12,3,1
icsd-200608,AB12CD11E_mP104_14_e_12e_e_11e_e:C-H-Ni-O-Ru,104,26,1
icsd-49825,AB2C5_tI32_140_a_h_cl:In-Pb-Yb,32,4,1
icsd-43878,A6B2C_mP18_14_3e_e_a:O-Se-Zr,18,5,1
icsd_89253,ABC_oC24_64_d_e_f:La-O-S,24,3,1
icsd_128482,AB6C2D2E_tP48_136_c_efk_fg_j_d:F-O-Rb-Si-Yb,48,8,1
icsd_124858,AB4C2D_hP216_144_9a_36a_18a_9a:C-H-N-Se,216,72,1
icsd_136865,AB14C3_mC72_5_ab_14c_3c:Er-O-Re,72,19,1
icsd-176937,AB2C6D_mP40_14_e_2e_6e_e:H-La-O-Ru,40,10,1
icsd-52101,AB6CD2_mP20_14_a_3e_d_e:In-O-Sb-Sr,20,6,1
icsd_116354,ABC2D_mC60_15_cf_ef_3f_ef:La-N-O-Si,60,9,1
icsd-64199,AB_cF8_225_a_b:Mn-N,8,2,1
icsd-144391,A2B3C3D12_cI160_230_a_d_c_h:Al-Ge-Mn-O,160,4,1
icsd_125434,AB2C2_tI40_141_c_h_h:Ce-O-Si,40,3,1
icsd_115597,ABCD3E_oP28_29_a_a_a_3a_a:F-H-Hg-O-Te,28,7,1
icsd-45781,A2B_hP3_164_d_a:Te-Zr,3,2,1
icsd_128343,A2B7C2_hP66_175_2j_7j_2j:Al-O-P,66,11,1
icsd_63631,A4B_oC60_41_6b_ab:Au-Si,60,8,1
icsd-147102,ABC2D5_oP36_62_c_c_2c_c2d:Ba-Cu-Eu-O,36,7,1
icsd-175423,ABC8D_mC44_15_a_e_4f_e:Ba-Ca-F-Hf,44,7,1
icsd-49608,A3BC_tP5_99_ac_b_a:O-Pb-Ti,5,4,1
icsd-149665,A3B4_cF56_227_ad_e:Co-O,56,3,1
icsd-146590,A2BC6D_mP20_14_e_a_3e_d:Ca-Er-O-Sb,20,6,1
icsd_127665,A3BC_cP5_221_c_a_b:O-Sr-Ti,5,3,1
icsd-48330,A2B2C_tI10_139_e_d_a:Dy-O-Te,10,3,1
icsd-49872,ABC4D_oP56_62_2c_2c_2c3d_2c:Ba-Fe-O-Yb,56,11,1
icsd-45851,ABC5D15_oP88_33_a_a_5a_15a:Ce-Cu-I-O,88,22,1
icsd_124419,A4BC11_hR96_167_be_a_cef:N-Np-O,96,6,1
icsd-144811,A2B4C_cF56_227_c_e_b:Fe-O-Zn,56,3,1
icsd-129422,A3BC2_cP24_213_d_a_c:Mo-N-Ni,24,3,1
icsd_136832,A2B_cP12_205_c_a:Cl-Fe,12,2,1
icsd-147694,AB_oC16_36_b_2a:O-Sn,16,3,1
icsd-139072,ABC_tP6_129_a_c_c:F-La-Se,6,3,1
icsd-48625,ABC3D_oC24_63_c_c_cf_a:Cu-Na-Se-U,24,5,1
icsd-70359,AB2C6D_tP10_123_c_g_abi_d:Ba-Mn-O-Pr,10,6,1
icsd-46857,ABCD4_hP168_173_4c_4c_a2b3c_16c:Ga-Ge-K-O,168,30,1
icsd-175989,AB_oP8_62_c_c:Ge-Te,8,2,1
icsd-77259,AB_cF8_225_a_b:S-Sc,8,2,1
icsd-146640,ABCD_tP8_129_c_a_b_c:Bi-Li-O-S,8,4,1
icsd_116342,AB_oP8_62_c_c:Mn-Te,8,2,1
icsd_115997,ABC_mP24_14_2e_2e_2e:Cr-Nb-P,24,6,1
icsd-138049,A4BC13D156E40_tI428_82_g_a_c3g_ef38g_10g:As-K-Na-O-W,428,56,1
icsd_124376,ABC6DE2_oP44_29_a_a_6a_a_2a:Bi-F-O-Pb-Se,44,11,1
icsd-200560,A3B9C4_hR96_167_ac_ef_2c:Ba-O-Y,96,6,1
icsd-42951,A3B_tI8_139_ad_b:Ce-Cu,8,3,1
icsd-176649,A6B4C_hR66_167_f_ae_b:Cl-Cs-Pb,66,4,1
icsd-46292,A7BC2_aP20_2_7i_be_2i:O-Os-P,20,11,1
icsd-138360,A2B3C2D8_tP30_116_e_ci_f_2j:Ge-Hg-Na-Se,30,6,1
icsd-139121,ABC2_mP16_14_e_e_2e:B-Li-O,16,4,1
icsd_61533,AB6CD4E2_mP56_14_e_6e_e_4e_2e:Ca-F-Ge-H-O,56,14,1
icsd-176130,A2B_mP12_14_2e_e:O-Zr,12,3,1
icsd-149673,A3B4_cF56_227_ad_e:Co-O,56,3,1
icsd_127736,AB2_oC12_63_c_2c:Ga-O,12,3,1
icsd-158127,A4B2C2D9_oP68_57_2e_e_2d_c2d3e:Ba-Cd-Ge-Te,68,11,1
icsd_126577,A6BC8D_oP128_57_4d4e_cd_4d6e_cd:B-Cs-H-O,128,22,1
icsd-147378,A12B2C7_oP84_62_4c4d_2c_c3d:F-Nb-Te,84,14,1
icsd_123325,A2B5C2D2EF4G2_oC36_38_d_ade_e_d_b_f_d:C-Cl-Cs-H-K-O-Pb,36,9,1
icsd-49188,A3BC2D6_mP48_14_3e_e_2e_6e:B-Cs-H-O,48,12,1
icsd_85231,AB3C_oP20_62_a_cd_c:Fe-O-Sm,20,4,1
icsd-46787,A6BC4D_tI48_122_de_a_e_b:H-N-O-P,48,5,1
icsd-145715,AB4_cI10_229_a_c:Cr-Ga,10,2,1
icsd-138225,AB3C_oP20_62_a_cd_c:Cr-O-Tm,20,4,1
icsd-144807,ABC2_hP4_164_a_b_d:Cr-Li-Te,4,3,1
icsd-126515,A6B_cP7_221_e_b:B-Ce,7,2,1
icsd-70898,AB4CDE3_oI40_46_b_2bc_a_b_bc:Cs-F-Hf-I-O,40,8,1
icsd_56882,A2B3_oP20_60_d_cd:Rh-S,20,3,1
icsd-175527,A6B2C6D_aP15_2_3i_i_3i_a:Cl-Na-O-Pt,15,8,1
icsd-64422,AB_cF8_225_a_b:Mg-S,8,2,1
icsd_127448,A5B4_cF72_227_ae_e:Fe-O,72,3,1
icsd-149448,A2BC2_oF20_42_c_a_d:Cl-Mo-O,20,3,1
icsd-144780,AB7CD2E_mP48_14_e_7e_e_2e_e:K-O-Sc-Si-Sr,48,12,1
icsd-59219,AB4C_mC24_15_e_2f_e:Eu-O-Ta,24,4,1
icsd-70174,ABC4D_oP28_62_c_a_2cd_c:Mn-Na-O-P,28,6,1
icsd-174789,A2B2C4D7_oP60_62_2c_2c_4c_7c:Ga-O-Pr-Se,60,15,1
icsd-146181,A2B_tP6_136_f_a:O-Sn,6,2,1
icsd-176537,A6B3CD_cI88_199_2c_c_a_a:F-H-Nb-O,88,5,1
icsd_125249,ABC2_hR12_166_a_b_c:Co-Li-O,12,3,1
icsd-48721,ABC3D9_mP56_14_e_e_3e_9e:Ba-H-I-O,56,14,1
icsd-146928,A5B6C13D2E_mP108_14_5e_6e_13e_2e_e:C-H-O-Rb-Sb,108,27,1
icsd_128882,A7B3C2_tI24_139_aeg_be_e:O-Sr-Ti,24,6,1
icsd-144850,AB3C_mP20_14_e_3e_ab:La-O-V,20,6,1
icsd-149761,A2B4C_cF56_227_c_e_b:Fe-O-Zn,56,3,1
icsd-176188,ABCD3_oC24_63_c_c_a_cf:Ba-Cu-Gd-Se,24,5,1
icsd-144503,AB2C8D2_mP26_14_a_e_4e_e:Cu-H-O-S,26,7,1
icsd-70318,A3B_tP16_136_cj_f:Ga-Ru,16,3,1
icsd_115754,A3BC4_tP16_114_ad_b_e:Na-P-S,16,4,1
icsd-49998,AB6C2D_mC20_12_a_ij_i_d:Ni-O-Sr-Te,20,5,1
icsd_59019,A2B4CD_tI16_121_d_i_a_b:Na-S-Sn-Zn,16,4,1
icsd-41852,A2B2CDE4_mP40_14_2e_2e_e_e_4e:Br-Cs-In-P-S,40,10,1
icsd-176536,A6B3CD_oI88_45_6c_3c_c_c:F-H-Nb-O,88,11,1
icsd-48720,ABC_mC12_12_i_i_i:I-Sb-Te,12,3,1
icsd-119938,A2BC2D6_hR33_166_c_a_c_2h:C-Ca-K-O,33,5,1
icsd-82936,ABCD2E_mP72_14_3e_3e_3e_6e_3e:Ag-H-N-O-P,72,18,1
icsd-148034,A2B_tP6_136_f_a:O-Sn,6,2,1
icsd-138336,ABC_oP12_62_c_c_c:Ba-Cl-H,12,3,1
icsd_62349,A2B2C5D_mP40_14_2e_2e_5e_e:B-Li-O-Pb,40,10,1
icsd-145256,A2B_cF24_227_c_b:Fe-Tb,24,2,1
icsd-145313,AB7C2D2_tP24_113_a_cef_e_e:Co-O-Si-Sr,24,6,1
icsd_57841,AB3C_oP20_62_c_cd_a:Ca-O-Zr,20,4,1
icsd-176189,ABCD3_oC24_63_c_c_a_cf:Ba-Cu-Ho-Se,24,5,1
icsd-144502,A2BC16D4_mP46_14_e_a_8e_2e:B-Cu-O-S,46,12,1
icsd-66737,A5B2_oP7_47_afgj_bc:O-Ta,7,6,1
icsd-70319,A3B_tP16_136_cj_f:Ga-Ru,16,3,1
icsd-126514,A6B_cP7_221_e_b:B-Ce,7,2,1
icsd-70899,A2B4C3_tP72_78_4a_8a_6a:I-P-S,72,18,1
icsd-175526,A6B2C_mP18_14_3e_e_a:Cl-Na-Pt,18,5,1
icsd_115492,AB2_tP6_136_a_f:Cr-O,6,2,1
icsd_136608,A2B3C_hP6_191_c_2g_a:B-Rh-Sm,6,4,1
icsd_127449,A5B4_cF72_227_ae_e:Fe-O,72,3,1
icsd-144781,AB7CD2E_mP48_14_e_7e_e_2e_e:K-O-Sc-Si-Sr,48,12,1
icsd_128246,ABC5D_aP16_2_i_i_5i_i:Bi-Gd-O-Si,16,8,1
icsd-70175,A3B2C2D5_tI24_139_ae_e_e_bg:Ba-H-Lu-O,24,6,1
icsd-59218,A4BC_mC24_15_2f_e_e:O-Sm-Ta,24,4,1
icsd-147841,A9B11_mP160_14_18e_22e:B-H,160,40,1
icsd-146753,ABCD_oP16_62_c_c_c_c:H-I-O-Pb,16,4,1
icsd-175033,A3B12CD17E2_hP70_194_h_2k_a_fh2k_f:Ca-H-Mn-O-S,70,9,1
icsd_123631,AB5CD_mP64_4_4a_20a_4a_4a:H-N-O-Pb,64,32,1
icsd-138361,A3B2C8D2_tP30_116_ci_e_2j_f:Hg-Na-Se-Sn,30,6,1
icsd-148063,A7B2_cF72_227_af_d:O-W,72,3,1
icsd-126685,A6BCD3E15_oP104_58_eg2h_g_g_ach_3g6h:B-C-Cd-K-O,104,18,1
icsd-139120,ABC2_mP16_14_e_e_2e:B-Li-O,16,4,1
icsd_128568,A2B3_hR30_167_c_e:Cr-O,30,2,1
icsd-149737,AB8C4D7E2_aP44_2_i_8i_4i_7i_2i:Ba-H-N-O-S,44,22,1
icsd-47197,A5B2C4D15E_oC108_40_b2c_c_abc_3b6c_b:Ba-Fe-In-S-Zn,108,17,1
icsd-168590,ABC_oP12_62_c_c_c:La-Mg-Sn,12,3,1
icsd_61477,AB3C_oP80_61_2c_6c_2c:Mn-O-Te,80,10,1
icsd-67171,A2B8C2D_hP13_164_d_di_d_a:K-O-P-Zr,13,5,1
icsd_126576,AB4C2D_tP32_90_ac_2g_g_bc:Br-O-Sb-Tm,32,7,1
icsd-138224,ABC3_oP20_62_a_c_cd:Cr-Er-O,20,4,1
icsd-144806,A2B4C_oP28_62_2c_4c_c:Gd-O-Sr,28,7,1
icsd_116590,A3BC8D14_mC52_8_3a_a_4b_4a5b:Ag-Cs-Ga-Se,52,17,1
icsd-46856,AB4CD_oP28_33_a_4a_a_a:Al-O-Rb-Si,28,7,1
icsd_128211,A2B13C2D3_oP80_19_2a_13a_2a_3a:Nb-O-P-Sr,80,20,1
icsd-175988,AB_cF8_225_a_b:Ge-Te,8,2,1
icsd-175822,A2B_oI12_71_eg_f:Te-U,12,3,1
icsd_62172,AB2CD5_mP18_4_a_2a_a_5a:Dy-H-N-O,18,9,1
icsd_124377,AB3C6D2E2_mC28_5_a_bc_3c_c_c:Bi-Cl-O-Pb-Se,28,8,1
icsd-145578,A2B2C9D2_oP60_60_d_d_c4d_d:Li-Ni-O-W,60,8,1
icsd-200561,A3B9C4_hR96_167_ac_ef_2c:Ba-O-Y,96,6,1
icsd-139209,AB6CD16E2F2_hR84_166_a_h_b_2c2h_c_c:Ba-Ca-F-O-P-Si,84,9,1
icsd_128704,A2B12C2DE6_oP92_62_ac_2c5d_2c_c_3d:Bi-Cl-H-O-Rb,92,15,1
icsd-176648,A6B4C_hR66_167_f_ae_b:Cl-Cs-Pb,66,4,1
icsd-149664,AB2C3_hP12_194_c_bd_h:C-Na-O,12,4,1
icsd_127664,AB_tI32_141_h_h:O-Ti,32,2,1
icsd-137981,AB6C_oP128_61_2c_12c_2c:Al-O-P,128,16,1
icsd-144955,A2BC4D_oP16_31_b_a_2ab_a:Cu-Mn-S-Si,16,6,1
icsd-138377,AB2C2DE4_oC40_63_c_f_g_c_2f:B-C-F-Li-O,40,6,1
icsd-45850,AB5CD15_oP88_33_a_5a_a_15a:Cu-I-La-O,88,22,1
icsd_124418,A3BC11D_hR96_167_e_a_cef_b:N-Np-O-Rb,96,6,1
icsd-46285,A6B8C2D_cF68_225_e_f_c_a:Br-H-N-Os,68,4,1
icsd_57103,A2BC2_tI10_139_d_a_e:Cu-Pr-Si,10,3,1
icsd-46790,A2B3C13D3_aP84_1_8a_12a_52a_12a:H-Lu-O-P,84,84,1
icsd-129423,A4B3C4_oI22_71_eg_bf_n:Au-Ba-Mg,22,5,1
icsd-145352,A2B7C2_mC44_15_f_e3f_f:Cu-O-V,44,6,1
icsd-138398,ABC4D_tP14_129_c_c_2cf_c:Ag-Eu-O-Ti,14,6,1
icsd-147695,AB_oP16_61_c_c:O-Sn,16,2,1
icsd-67167,A2B8C2D_hP13_147_d_dg_d_a:K-O-P-Zr,13,5,1
icsd-48624,ABC3D_oC24_63_c_c_cf_a:Cu-Na-S-U,24,5,1
icsd-139073,A4B2C_hR21_166_2c_c_a:F-La-Se,21,4,1
icsd-70358,AB2C6D_tP10_123_c_g_abi_d:Ba-Mn-O-Pr,10,6,1
icsd_87132,A20B3C6DE41F2_hP146_176_f3i_h_i_b_fh6i_e:B-Eu-Gd-Mg-O-S,146,16,1
icsd-146657,ABCD_tP8_129_a_c_b_c:Cu-La-O-S,8,4,1
icsd-64198,AB_cF8_225_a_b:Mn-N,8,2,1
icsd_127408,A4BC10D2_mP34_14_2e_a_5e_e:B-Cu-O-Tb,34,9,1
icsd_125435,AB2C2_tI40_141_c_h_h:Ce-O-Si,40,3,1
icsd-64177,A15BC2D7E30_hR165_155_d2f_b_c_ade_5f:B-Ca-In-K-O,165,13,1
icsd_92275,AB4C_oP24_62_a_2cd_c:Cu-O-S,24,5,1
icsd_128342,AB4C_hP108_176_hi_2h5i_hi:Al-O-P,108,11,1
icsd-175422,A4B2C7_hP26_165_cd_d_ag:Ge-Na-O,26,5,1
icsd-148472,A6BC8D_cF64_216_f_c_2e_a:Cu-Ge-Se-W,64,5,1
icsd_84525,A3BC_oP20_62_cd_c_a:Br-Cs-Pb,20,4,1
icsd_128529,AB5CD2_mP36_14_e_5e_e_2e:H-O-P-Sb,36,9,1
icsd_128179,A_cF4_225_a:Cu,4,1,1
icsd-148864,AB2C34D8_aP45_2_a_i_17i_4i:Mg-Na-O-U,45,23,1
icsd_115607,A3BC6_hR30_146_3a_a_2b:Mn-Mo-O,30,6,1
icsd_124859,AB4C2D_hP216_144_9a_36a_18a_9a:C-H-N-Se,216,72,1
icsd_128483,AB6C2D2E_tP48_136_c_efk_fg_j_d:F-O-Rb-Si-Tm,48,8,1
icsd-119492,A4B35C6_aP90_2_4i_35i_6i:Na-O-W,90,45,1
icsd_61965,A6BC12D2E2_hP23_162_2k_a_4k_c_d:C-Fe-N-Na-Sn,23,9,1
icsd-76721,A2B2C7D2E_oC56_40_c_2b_b3c_c_a:Cu-Na-S-Sn-Sr,56,9,1
icsd_136864,A16B3C_mP80_14_16e_3e_e:O-Re-Y,80,20,1
icsd-176936,A3BC_oP20_62_cd_a_c:O-Ru-Sm,20,4,1
icsd-175619,A4B2CD2E12_mP84_14_4e_2e_e_2e_12e:B-Ba-Cd-Eu-O,84,21,1
icsd-144797,A_cP8_223_ac:La,8,2,1
icsd_128250,A9BCD28E7_hR276_161_3b_a_a_a9b_a2b:Ca-Co-H-O-P,276,18,1
icsd-175863,A6B2C_cF36_225_e_c_a:Cl-Cs-Hf,36,3,1
icsd-146600,A2BC6D_cF40_225_c_a_e_b:Ba-Er-O-Sb,40,4,1
icsd-147912,ABCD4_mP28_7_2a_2a_2a_8a:Br-La-Mo-O,28,14,1
icsd-137743,AB4CDE_mP32_14_e_4e_e_e_e:Cl-O-S-Ti-Zn,32,8,1
icsd-175530,A6B2C_mP18_14_3e_e_a:Br-Na-Pt,18,5,1
icsd-175160,A9B3C2_hP28_194_hk_bf_f:Cl-Cs-Rh,28,5,1
icsd-202008,A4B_oC10_65_q_a:Ge-Mn,10,2,1
icsd-138009,A10B10CD_aP44_2_10i_10i_ae_i:H-O-Pt-S,44,23,1
icsd-147504,A6B2CD_cF40_225_e_c_a_b:F-K-Li-Sc,40,4,1
icsd-145169,A3B3CD8_hP45_174_3k_3j_ace_3j5k:Ga-Mg-Na-Se,45,17,1
icsd-147154,AB14C2D3_hR60_166_a_c2h_c_bc:Ba-O-P-W,60,7,1
icsd-177018,A3BC_tI10_107_ab_a_a:Al-Cu-Nd,10,4,1
icsd-175025,A2B3_hR30_167_c_e:Al-O,30,2,1
icsd-70533,A2B8C2D_tP26_100_c_abcd_c_a:Ba-O-Si-Ti,26,7,1
icsd-144778,AB7CD2E_mP48_14_e_7e_e_2e_e:K-O-Sc-Si-Sr,48,12,1
icsd-139248,AB12C3D_mP68_14_e_12e_3e_e:Mg-O-Se-Zr,68,17,1
icsd-147857,AB3CD_mP12_11_e_3e_e_e:Bi-S-Sb-Te,12,6,1
icsd_139154,AB3C_hR30_148_c_f_c:Mg-O-Si,30,3,1
icsd-70374,AB19C7_hP54_188_a_ghk2l_cl:Eu-O-Ta,54,8,1
icsd-146801,AB2C4D3E2_oP96_61_c_2c_4c_3c_2c:Ag-C-H-N-Se,96,12,1
icsd-126715,A3B4C2_mC36_15_ef_2f_f:Ce-Ni-Si,36,5,1
icsd_124434,A6B2C11D_aP40_2_6i_2i_11i_bc:H-N-O-Pu,40,21,1
icsd_63866,A2B_mC18_12_3i_ai:I-Sn,18,5,1
icsd-80065,A7BC3_mP22_11_7e_e_3e:O-Pb-Ti,22,11,1
icsd-148409,A2B3_hR30_167_c_e:Al-O,30,2,1
icsd-46753,A2B8C16D3_aP58_2_2i_8i_16i_3i:Eu-H-O-Se,58,29,1
icsd_128944,A4B2C9_aP30_2_4i_2i_9i:As-Eu-O,30,15,1
icsd_125225,A6BC2D2E6FG_mP76_14_6e_ad_2e_2e_6e_e_e:C-Fe-H-K-N-O-Sr,76,20,1
icsd-137807,ABC4D2_tP32_90_ac_bc_2g_g:Cl-Dy-O-Sb,32,7,1
icsd_124967,A2B9C18D8E_hP76_165_d_fg_3g_dg_b:Br-C-N-Nd-O,76,9,1
icsd_115739,A3BC4_tP16_114_ad_b_e:Na-P-S,16,4,1
icsd_85066,A10BC3_cF112_225_fh_c_e:F-K-Y,112,4,1
icsd_127998,A5B12C_cF144_227_ae_g_b:Co-Mo-N,144,4,1
icsd-128971,A3B2C9_oP56_62_a2c_2c_5c2d:Cu-Mo-O,56,12,1
icsd-46929,A3B2C16D4_oP100_19_3a_2a_16a_4a:Co-Cs-O-S,100,25,1
icsd-149561,A2B_hP3_191_c_b:B-Zr,3,2,1
icsd_127131,A_mP16_14_4e:C,16,4,1
icsd-139233,ABCD3_oP24_62_c_c_c_3c:Cu-Sm-Sr-Te,24,6,1
icsd-176672,AB3C_mC40_15_2e_3f_f:Ge-N-P,40,6,1
icsd-149131,ABC2_cF16_216_a_c_bd:Al-Mn-V,16,4,1
icsd_123934,AB3C8D2_oP112_29_2a_6a_16a_4a:La-Na-O-V,112,28,1
icsd_127424,A2B_hP9_152_c_a:O-Si,9,2,1
icsd-175818,A2B_oI12_71_eg_f:Te-U,12,3,1
icsd-149074,A2B7C2_aP44_2_4i_14i_4i:Dy-O-Si,44,22,1
icsd-48521,A3BC6D14E2_hR78_166_d_a_h_c2h_c:Al-Bi-H-O-P,78,7,1
icsd-137738,ABC4DE_mP32_14_e_e_4e_e_e:Br-K-O-S-Zn,32,8,1
icsd-148235,A4BC_mP24_14_4e_e_e:O-Sb-Yb,24,6,1
icsd_124208,ABCD3_hP36_190_3h_2g_af_3h3i:C-Eu-F-O,36,13,1
icsd_115806,A2BC6D_tI20_87_d_a_eh_b:Ba-Cd-O-Re,20,5,1
icsd-145329,ABC2_hR12_166_a_b_c:Ce-Rb-Se,12,3,1
icsd_124526,ABC4DE_aP16_1_2a_2a_8a_2a_2a:F-Li-O-P-V,16,16,1
icsd-129008,A2BC_oP48_55_2g2hi_ei_gi:Ge-Rh-Sc,48,9,1
icsd-146155,ABC8D2E_aP52_2_2i_2i_16i_4i_2i:As-Br-F-O-Xe,52,26,1
icsd_128155,A5BC2_tI32_140_cl_a_h:Br-Cs-Pb,32,4,1
icsd-146505,A_cF4_225_a:Si,4,1,1
icsd-70636,ABC_hP6_186_b_b_a:Au-Ge-Ho,6,3,1
icsd-201937,A3B3C_cP7_221_d_c_a:Ca-I-P,7,3,1
icsd_116512,ABCD50E4F6_mP252_14_e_e_e_50e_4e_6e:Cs-Gd-K-O-Se-Ta,252,63,1
icsd-59222,A4BC_mP12_13_2g_e_f:O-Ta-Tb,12,4,1
icsd-176625,A5BC2_tI32_140_cl_a_h:Cl-Cs-Pb,32,4,1
icsd-126892,A2BCD10E2_mP64_14_2e_e_e_10e_2e:K-Mg-Mo-O-P,64,16,1
icsd_139178,A2B_oP6_58_g_a:O-Si,6,2,1
icsd-48433,A2BC3D6_oP48_62_2c_c_cd_4cd:B-Eu-K-O,48,10,1
icsd_128339,AB4C_hP108_176_hi_2h5i_hi:Al-O-P,108,11,1
icsd-174248,AB3C_oP20_62_a_cd_c:Ni-O-Pr,20,4,1
icsd-176275,A9B3C19D2_mC132_15_e4f_af_e9f_f:Ba-Hf-Se-Sn,132,18,1
icsd-126938,AB3C_oC20_36_a_ab_a:Ba-S-Ti,20,4,1
icsd-147482,A2B_oP12_62_2c_c:O-Tm,12,3,1
icsd-148777,A3B2C9D_mP60_11_2e2f_2f_6e6f_ad:Ba-Mo-O-Sr,60,20,1
icsd-128926,A_hR3_166_a:Bi,3,1,1
icsd-49388,ABC_hP6_194_c_a_d:Ga-Mn-Ni,6,3,1
icsd-138025,ABC_oP12_62_c_c_c:Bi-Ca-Pd,12,3,1
icsd_127920,A2B4C_hR126_148_2f_4f_f:Be-O-Si,126,7,1
icsd-82263,A9B3C_hR78_155_3cdef_f_c:Al-Ni-Y,78,8,1
icsd_115851,ABC6D2_mP40_14_e_e_6e_2e:Ca-Cu-O-Se,40,10,1
icsd-147197,AB11C6_mC36_8_a_3a4b_3b:In-N-P,36,11,1
icsd-144611,ABC4_mC48_12_gi_hi_2i3j:Mg-Mo-O,48,9,1
icsd-38674,A4B3CD8_mC128_15_4f_ce2f_f_8f:As-Cs-Cu-S,128,17,1
icsd-64419,AB_hP6_156_2ab_2ab:C-Si,6,6,1
icsd-45714,A3B4C7D13_hP108_159_2c_ab2c_2b4c_ab8c:As-Cu-Rb-S,108,22,1
icsd_127189,A5B3C2_tP40_128_egh_dh_h:Ge-Ru-Sm,40,6,1
icsd-70335,A2B_mP6_11_ae_e:Ag-S,6,3,1
icsd-48649,ABC2_mC16_9_a_a_2a:As-Li-S,16,4,1
icsd-45978,AB2C2D12E3_mC80_15_e_f_ae_6f_ef:Fe-Mn-Na-O-P,80,12,1
icsd-126611,A2B7CD2_tP24_113_e_cef_a_e:Be-O-Si-Sm,24,6,1
icsd-74376,ABC3_oP20_62_a_c_cd:Fe-La-O,20,4,1
icsd-175336,AB6C2D_cF40_225_a_e_c_b:Ag-Cl-Cs-In,40,4,1
icsd-71031,A2B6C5_oP52_53_gh_e3hi_f2hi:Ba-Sb-Zn,52,11,1
icsd-176849,A2BC4_tI28_141_c_b_h:Cu-Ge-O,28,3,1
icsd_86522,AB3C_oP20_62_c_cd_c:In-Ni-Sb,20,4,1
icsd_85027,A4BC12D4_tI84_141_h_a_3h_h:Fe-Hg-O-Se,84,6,1
icsd-149170,AB6C2_mP18_14_a_3e_e:Hf-I-K,18,5,1
icsd-176633,A5BC2_tI32_140_cl_a_h:Cl-Cs-Pb,32,4,1
icsd-144607,A2BC6_mP18_4_2a_a_6a:Cu-N-O,18,9,1
icsd_116338,A4B2C3_oC36_64_ef_f_ae:Bi-Eu-Mg,36,5,1
icsd-177537,ABCD_oC16_63_c_c_a_c:Ba-Fe-S-Te,16,4,1
icsd_126624,ABC3_oP20_62_a_c_cd:Al-Gd-O,20,4,1
icsd_127936,AB3CD_oP24_62_c_3c_c_c:Cu-Se-Sm-Sr,24,6,1
icsd-175674,A_cF4_225_a:Pb,4,1,1
icsd-129419,A6BCD3E13_mP96_14_6e_e_e_3e_13e:B-Cd-Er-H-O,96,24,1
icsd-145368,AB2C2_tI10_139_a_d_e:Er-Pd-Si,10,3,1
icsd-47912,A2B2C5_oP144_29_8a_8a_20a:As-Ba-S,144,36,1
icsd_124834,AB2C3D10E3FG_mP84_14_e_2e_3e_10e_3e_e_e:C-Cl-F-H-N-O-Pt,84,21,1
icsd_56378,A5B3_tI32_140_cl_ah:Nd-Si,32,4,1
icsd-70362,AB2C6D_tP10_123_c_g_abi_d:Ba-Mn-O-Pr,10,6,1
icsd-137954,A6B4C3D_oF224_70_3h_2h_ch_d:H-N-Na-Nd,224,8,1
icsd-137811,AB4C2D_tP32_90_ac_2g_g_bc:Cl-O-Sb-Yb,32,7,1
icsd-42356,A3B2_cI80_206_e_ad:O-Y,80,3,1
icsd-46315,ABC4_tI24_88_a_b_f:Ca-Mo-O,24,3,1
icsd_124422,AB3C11D_hR96_167_b_e_cef_a:K-N-O-Pu,96,6,1
icsd-174989,A19BC4_mP48_7_19a_a_4a:O-Pu-Re,48,24,1
icsd-149127,ABC2_cF16_216_a_c_bd:Al-Fe-V,16,4,1
icsd_127127,A_oP32_52_4e:C,32,4,1
icsd-54451,A10B5CD20E2_mC152_15_5f_e2f_e_10f_f:B-K-Na-O-Zn,152,20,1
icsd_85070,A20BC12D12_cF360_227_2eg_a_g_g:F-K-O-Y,360,6,1
icsd-126580,A2B8C5_mC60_9_2a_8a_5a:Co-N-Si,60,15,1
icsd-147569,ABC_tI12_109_a_a_a:Al-Si-Sm,12,3,1
icsd-138064,A7B24C12_hR258_167_b3c_4f_2ef:Ir-O-Rb,258,11,1
icsd-48921,A2BCD6E2_hP12_147_d_a_b_g_d:F-Fe-K-O-P,12,5,1
icsd-128988,A3BC9D_oP56_62_a2c_c_5c2d_c:Cu-Mo-O-S,56,12,1
icsd_115810,A2BC6D_cF40_225_c_a_e_b:Ba-Na-O-Os,40,4,1
icsd-148673,A7B2CD2E_oP52_57_d3e_cd_c_e_d:F-K-Mo-O-Sb,52,9,1
icsd-138121,A2BC9D_aP26_2_2i_i_9i_i:B-Ca-F-H,26,13,1
icsd-128822,AB3C_oP20_62_a_cd_c:Ce-O-Sr,20,4,1
icsd_119833,AB3C3D2_oP36_62_c_cd_cd_2c:C-La-N-O,36,7,1
icsd-128571,ABCDE7F_mP48_14_e_e_e_e_7e_e:Bi-Cl-I-K-O-Se,48,12,1
icsd-176721,AB6C2D_cF40_225_a_e_c_b:Bi-Cl-Cs-Na,40,4,1
icsd_97108,AB7C24D6_mP76_11_e_e3f_2e11f_3f:Ba-Ge-O-Tm,76,21,1
icsd_127432,A5B4_cF72_227_ae_e:Fe-O,72,3,1
icsd-64008,ABCD8E2_mP52_14_e_e_e_8e_2e:Cu-In-K-O-P,52,13,1
icsd_115543,AB7C2D2_mP48_14_e_7e_2e_2e:Ca-O-P-Rb,48,12,1
icsd-70196,ABC3_cP5_221_a_b_c:Cs-Eu-F,5,3,1
icsd-54133,A5B2C5_oC48_63_c2f_f_c2f:Cu-Rb-Te,48,7,1
icsd_127445,A5B4_cF72_227_ae_e:Fe-O,72,3,1
icsd-139317,A3BC8D2_mC56_15_ef_e_4f_f:Ce-Cl-O-Si,56,8,1
icsd_124793,AB4C4_cF72_227_a_e_e:Ag-Mo-O,72,3,1
icsd-200185,AB4CD4_tI160_88_f_4f_f_4f:B-C-K-O,160,10,1
icsd_124269,ABC3D_hP12_157_b_b_2c_2a:Li-Mg-S-Si,12,6,1
icsd-49351,A2B2C11D4_mC38_12_i_i_a5i_2i:Bi-F-O-Ti,38,10,1
icsd_123113,A3B_hR36_166_ach_bc:Co-Lu,36,5,1
icsd_62596,A2B6C_oP36_19_2a_6a_a:La-O-Te,36,9,1
icsd-177002,A4BC5DE_oP96_34_8c_2c_10c_abc_2c:H-N-O-P-V,96,25,1
icsd-139252,AB12C3D_mP68_14_e_12e_3e_e:Cd-O-Se-Zr,68,17,1
icsd_124455,AB3C_hR30_148_c_f_c:Ir-O-Zn,30,3,1
icsd_63807,A3BCD3E_oP36_62_cd_a_c_cd_c:F-Ga-I-O-Rb,36,7,1
icsd-129481,A2B5C4_mP22_14_e_a2e_2e:Br-O-Sb,22,6,1
icsd-138290,A3B_oF64_70_eh_f:I-Ir,64,3,1
icsd-175316,ABC3_cP5_221_a_b_c:Ba-Fe-O,5,3,1
icsd-47820,AB2_cF48_227_c_e:Mn-O,48,2,1
icsd-149783,A2B6C_oP36_29_2a_6a_a:Bi-O-W,36,9,1
icsd-148891,A3B8C2_mP156_14_9e_24e_6e:Cd-O-P,156,39,1
icsd_128476,A2B3CD9E_mP64_14_2e_3e_e_9e_e:B-Ga-K-O-Sr,64,16,1
icsd-146026,ABC2D2_oI12_71_b_a_g_f:Al-C-Co-Nd,12,4,1
icsd-70600,AB3C_oC10_38_a_ae_b:Ba-O-Ti,10,4,1
icsd_128533,ABC2_hR12_166_a_b_c:Co-Li-O,12,3,1
icsd-47066,A2B5CD24E6_mC76_12_g_aj_c_2i5j_ij:Eu-K-Na-O-S,76,13,1
icsd-70315,A3B_tP16_136_cj_f:Ga-Ru,16,3,1
icsd-77080,A3BCD9_hP28_188_k_a_c_kl:Ge-K-Nb-O,28,5,1
icsd-128785,AB6C_mP16_14_a_3e_d:Mg-O-Si,16,5,1
icsd_124843,AB4C2D_hP216_144_9a_36a_18a_9a:C-H-N-Se,216,72,1
icsd-48239,A2B3_oP20_62_2c_3c:Gd-S,20,5,1
icsd-146163,A2B3C8D_hP28_186_ab_c_ab2c_b:Li-Mo-O-Sc,28,8,1
icsd_89248,AB3C_oP20_62_c_cd_c:In-Ni-Sb,20,4,1
icsd-176886,A5B3_oC32_36_a2b_ab:N-Sb,32,5,1
icsd_128860,AB12C4D6E_mP96_14_e_12e_4e_6e_e:F-H-N-O-P,96,24,1
icsd-174911,A2B_cF48_227_e_c:O-Rh,48,2,1
icsd_127941,AB3CD_oP24_62_c_3c_c_c:Cu-Se-Sr-Y,24,6,1
icsd-70591,A2B4C5_oC44_63_f_acf_c2f:Al-La-Ni,44,7,1
icsd-64182,A15BC7D30E2_hR165_155_d2f_b_ade_5f_c:B-Ba-K-O-Yb,165,13,1
icsd_127042,A20B6C3_cF116_225_fh_e_ac:Pd-Si-Y,116,5,1
icsd_127412,A2B3C5_tP40_128_h_dh_egh:Eu-Ru-Si,40,6,1
icsd-201239,A2B6C_oP36_29_2a_6a_a:Bi-O-W,36,9,1
icsd-176351,ABC3_oP20_62_c_a_cd:Ba-Ce-O,20,4,1
icsd-176644,A6B4C_hR66_167_f_ae_b:Cl-Cs-Pb,66,4,1
icsd_127107,A_oP16_31_4b:C,16,4,1
icsd_123847,AB2C6D_hR30_155_a_c_f_b:Ba-Ni-O-Te,30,4,1
icsd-175592,A10BCD9E_oP88_33_10a_a_a_9a_a:H-I-N-O-Te,88,22,1
icsd_137557,AB_oC8_63_c_c:Eu-Si,8,2,1
icsd-145574,A2B2C2D19E7_aP64_2_2i_2i_2i_19i_7i:Ga-H-K-O-Te,64,32,1
icsd-139086,AB2C_oC16_63_c_f_c:Rh-Sn-Yb,16,3,1
icsd_61494,AB5C5D_mP48_14_e_5e_5e_e:Ba-H-O-Tb,48,12,1
icsd-119963,ABC3_oP20_62_a_c_cd:Fe-La-O,20,4,1
icsd-49869,ABCD4_oP56_62_2c_2c_2c_2c3d:Ba-Fe-Ho-O,56,11,1
icsd-200644,A10B4CD2_tI34_139_em_cd_a_e:Cl-K-O-Ru,34,6,1
icsd-201956,AB3C3_cP7_221_a_c_d:As-Br-Sr,7,3,1
icsd_123797,A3BC5_oP144_19_12a_4a_20a:Ga-Na-Se,144,36,1
icsd-147660,A2BC6D_cF40_225_c_a_e_b:Cs-Dy-I-Na,40,4,1
icsd-146837,AB8CD2_oP48_52_c_4e_d_e:Eu-O-Rb-S,48,7,1
icsd_123282,ABC5D_mP32_4_2a_2a_10a_2a:Li-Nb-O-Te,32,16,1
icsd-126666,A4BC4D8_mC68_15_2f_e_2f_4f:C-Ge-Li-N,68,9,1
icsd-147375,A6BC2_aP18_2_6i_i_2i:F-Nb-Te,18,9,1
icsd-63997,AB6C6_oC52_63_c_deg_4cg:Ca-Fe-Ge,52,9,1
icsd_124814,AB5_mP24_14_e_5e:Br-F,24,6,1
icsd_56358,A3B5_hP16_193_2g_d2g:Ge-Nd,16,5,1
icsd-146564,A19B4C_mP48_7_19a_4a_a:O-Re-Th,48,24,1
icsd_128564,A5B4_tI36_141_ah_h:Mn-O,36,3,1
icsd-70342,A5B3C12_cI160_230_ad_c_h:Al-Gd-O,160,4,1
icsd_125439,AB2C2_tI40_141_c_h_h:Ce-O-Si,40,3,1
icsd-176717,A2BC4_oP28_62_2c_c_4c:Bi-Pb-S,28,7,1
icsd-64194,AB_cF8_225_a_b:Mn-N,8,2,1
icsd_57226,A12B26C7D_aP92_2_12i_26i_7i_i:B-H-O-Sn,92,46,1
icsd_124228,AB3_tI32_139_de_im:Gd-Si,32,4,1
icsd-138117,A2B4C17D6_tP58_128_e_h_a2i_dh:K-Pt-S-U,58,7,1
icsd_127957,AB7CD2_oC44_63_a_cgh_b_g:Ag-O-Sb-Se,44,6,1
icsd-49605,A20B4C_tI50_87_f2hi_h_a:Ca-Mo-Sb,50,6,1
icsd-70991,AB3C6D8_mP72_14_e_3e_6e_8e:Cs-I-Re-Se,72,18,1
icsd-145562,A2BC4_mP42_14_3e_ae_6e:B-Hg-S,42,11,1
icsd_57699,ABC3_hR30_148_c_c_f:Sc-Si-Te,30,3,1
icsd_127541,AB3C9D2E5_oP160_31_4a_4a4b_8a14b_8a_4a8b:Ca-La-N-O-Si,160,54,1
icsd_127111,A_mP16_14_4e:C,16,4,1
icsd-145831,AB7C3_oP44_17_ab_3c3d4e_ab2e:Nb-O-Y,44,16,1
icsd-176652,A6B4C_hR66_167_f_ae_b:Cl-Cs-Pb,66,4,1
icsd-147226,AB2C2_hP5_164_a_d_d:C-H-Yb,5,3,1
icsd-46289,A4B2C_oF56_70_h_e_a:F-H-Sr,56,3,1
icsd_124414,A4B12C4DE11_mP128_14_4e_12e_4e_e_11e:C-H-N-Np-O,128,32,1
icsd_129226,A_cI2_229_a:Mo,2,1,1
icsd-144959,AB3C2D8_mP56_4_2a_6a_4a_16a:Cd-Ge-K-S,56,28,1
icsd-43121,A2B5CD4E2_oP56_19_2a_5a_a_4a_2a:C-F-N-O-Sb,56,14,1
icsd_124044,A3BC_tP80_136_2i2jk_efi_k:Au-Gd-Si,80,9,1
icsd_122893,A6B2C19D4_mP62_14_3e_e_a9e_2e:Cs-Mo-O-P,62,16,1
icsd-148079,A2B2CDE6_tP24_113_e_e_a_c_ef:Eu-Ge-Mn-O-S,24,6,1
icsd_126583,A9B3C18D_hP62_176_hi_af_2h2i_b:B-Ba-O-Yb,62,9,1
icsd_58645,A2BC4_tP56_126_k_f_2k:Cs-Ga-Tl,56,4,1
icsd_92500,AB4C_oP24_62_a_2cd_c:Cu-O-S,24,5,1
icsd_124947,ABC8D2_mP24_4_a_a_8a_2a:Eu-H-O-S,24,12,1
icsd_116836,A3BC2D9_hP30_194_bf_a_f_hk:Ba-Ca-Mo-O,30,6,1
icsd-149668,A3B4_cF56_227_ad_e:Co-O,56,3,1
icsd_70339,ABC3_oP20_62_c_a_cd:Gd-Mn-O,20,4,1
icsd_127687,AB2C8D2_oC52_63_a_g_2cgh_g:Fe-N-O-S,52,7,1
icsd-70354,AB2C6D_tP10_123_c_g_abi_d:Ba-Mn-O-Pr,10,6,1
icsd-47027,A2B12C3_mC68_15_f_6f_ef:Dy-O-W,68,9,1
icsd-146572,AB9C3D_hP28_173_a_3c_c_b:B-O-Tb-Te,28,6,1
icsd-148995,AB9C2D8E2_tP88_92_a_a4b_b_4b_b:B-H-N-O-P,88,12,1
icsd-48628,AB3C_mP10_10_n_m2n_ac:Cu-Se-U,10,6,1
icsd-48782,AB2C_mP16_14_e_2e_e:Ba-S-Sn,16,4,1
icsd-59469,AB4C_mP12_13_e_2g_f:Ho-O-Ta,12,4,1
icsd-146122,A2B7C2_cF88_227_c_af_d:Ho-O-Ti,88,4,1
icsd-48278,A6BC6_oP52_62_2c2d_c_2c2d:C-Mo-O,52,9,1
icsd-200347,A4B7C2_mP52_14_4e_7e_2e:Li-O-P,52,13,1
icsd-126670,A2B57C19D10E4_aP184_2_2i_57i_19i_10i_4i:Br-H-N-O-U,184,92,1
icsd-148096,ABC4D2_tI16_121_a_b_i_c:Ge-Hg-Se-Tl,16,4,1
icsd-49193,ABC2_tP4_123_a_b_h:In-Ru-Sc,4,3,1
icsd-46266,ABC_oP12_62_c_c_c:Bi-Cl-S,12,3,1
icsd_57271,ABC6D18E6_cP128_205_a_b_d_3d_d:Al-Cr-F-H-N,128,7,1
icsd-177501,AB10C7_aP18_1_a_10a_7a:Eu-P-Si,18,18,1
icsd-148242,A4BC10D2E_oP72_19_4a_a_10a_2a_a:H-Li-O-S-Sc,72,18,1
icsd-48556,AB2C4D7_mC56_9_a_2a_4a_7a:Cd-Ge-Li-S,56,14,1
icsd-144631,AB4C_mP24_14_e_4e_e:Bi-O-V,24,6,1
icsd_127453,A5B4_cF72_227_ae_e:Fe-O,72,3,1
icsd-54125,ABC3D_oC24_63_c_c_cf_a:Cs-Cu-S-Zr,24,5,1
icsd_84745,A3BCD6_hR66_167_e_a_b_f:Ca-Co-Mn-O,66,4,1
icsd_139158,A2B_tP6_136_f_a:O-Si,6,2,1
icsd_127146,ABC_hP9_189_2f_bc_2g:Cr-P-Ta,9,6,1
icsd-176255,AB3C9_hP26_173_b_c_3c:Al-I-O,26,5,1
icsd-74086,A2B3C5_oI40_72_j_aj_bfj:Ho-Ir-Si,40,6,1
icsd-177014,A3BC_tI10_107_ab_a_a:Al-Cu-La,10,4,1
icsd_129158,A3B12C3D15E5_hP38_189_2f_3j3k_2f_2f3j3k_d2f:C-H-N-O-Yb,38,21,1
icsd_123555,A2B5C10D3_oC40_65_e_cq_ghjp_ag:Cl-Pb-S-Sn,40,9,1
icsd-170381,A2B2C9D3_aP64_2_4i_4i_18i_6i:Hg-K-O-Se,64,32,1
icsd-147508,ABC3_hR30_161_a_a_b:Bi-Fe-O,30,3,1
icsd-64205,AB_cF8_225_a_b:Mn-N,8,2,1
icsd-70246,A2BC_tP4_99_c_a_b:O-Pb-Ti,4,3,1
icsd-49081,AB_mC8_15_c_e:Cu-O,8,2,1
icsd-146933,AB2_oP6_58_a_g:Os-Sb,6,2,1
icsd_116532,AB5C2_oP64_60_d_ac4d_2cd:Al-F-K,64,10,1
icsd-146899,A2BC4_hR126_148_2f_f_4f:Li-Mo-O,126,7,1
icsd-174907,AB_cF8_225_a_b:N-V,8,2,1
icsd_128876,A2BC2_tP10_127_g_a_h:Pd-Sn-Yb,10,3,1
icsd-175245,A3B2C7_tI24_139_ae_e_beg:La-Ni-O,24,6,1
icsd_124855,AB4C2D_hP216_144_9a_36a_18a_9a:C-H-N-Se,216,72,1
icsd-176039,A5B4C2_tI22_139_ade_g_e:As-Cu-Th,22,5,1
icsd-176193,ABCD3_oC24_63_c_c_a_cf:Ba-Cu-Nd-Se,24,5,1
icsd-70303,ABCD4_oP56_62_2c_2c_2c_2c3d:Ba-Fe-Ho-O,56,11,1
icsd-48468,AB3_oP16_62_c_3c:Cs-I,16,4,1
icsd_127097,A_oP32_62_4d:C,32,4,1
icsd-70544,ABC3_oP20_62_a_c_cd:Cr-La-O,20,4,1
icsd-149097,ABCD_tP8_129_c_c_a_c:B-N-Ni-Sm,8,4,1
icsd-126430,A2B3_cI80_206_ad_e:Gd-O,80,3,1
icsd_127994,A5B12C_cF144_227_ae_g_b:Co-Mo-N,144,4,1
icsd_124341,ABC14D3E_aP40_2_i_i_14i_3i_i:B-H-O-S-U,40,20,1
icsd-49629,A3B4C7_mP28_11_3e_4e_7e:Ce-Rh-Sn,28,14,1
icsd-129395,AB4C_tI24_88_a_f_b:Ba-O-W,24,3,1
icsd-128992,A4B20C2D17_mC172_15_2f_10f_ae_e8f:B-H-Na-O,172,23,1
icsd_116725,A8BC2D26E6F_hP44_147_dg_a_d_d4g_g_b:B-Mg-Nb-O-Pr-S,44,11,1
icsd-147436,A3B_hR24_148_f_c:Br-Ru,24,2,1
icsd-175547,AB8C2D_oP48_19_a_8a_2a_a:Cs-O-S-Sb,48,12,1
icsd_127078,A_oP16_54_cdf:C,16,3,1
icsd-42570,A13B2C15D29_aP59_1_13a_2a_15a_29a:B-Ba-H-O,59,59,1
icsd_127428,A2B_hP9_152_c_a:O-Si,9,2,1
icsd_123938,A3BCDE8_mP56_14_3e_e_ad_e_8e:H-I-In-N-O,56,15,1
icsd-46860,AB4CD_mP56_14_2e_8e_2e_2e:Ga-O-Rb-Si,56,14,1
icsd-70401,ABC3_oP20_62_a_c_cd:Fe-La-O,20,4,1
icsd-176941,A12B2C5_mC38_12_2i2j_h_a2i:O-Ru-Yb,38,8,1
icsd-148110,AB4C17D3_oP100_19_a_4a_17a_3a:Ba-Nb-O-Te,100,25,1
icsd-145372,AB3C_tP5_99_b_ac_a:Ba-O-Ti,5,4,1
icsd-70397,ABC3_hR30_167_b_a_e:Co-La-O,30,3,1
icsd_125229,A6BCD2E6_mP32_14_3e_a_d_e_3e:C-Ca-Fe-K-N,32,9,1
icsd-139116,ABC2_mP16_14_e_e_2e:B-Li-O,16,4,1
icsd_128948,A4B2C_tP56_137_2h_h_e:Li-N-W,56,4,1
icsd_116119,AB5C2_oC32_63_c_c2f_f:Mg-O-V,32,5,1
icsd_124068,AB8C12D2E_mP96_14_e_8e_12e_2e_e:Cs-H-O-S-Y,96,24,1
icsd-146948,ABC7D2_mP44_14_e_e_7e_2e:Ba-Mg-O-P,44,11,1
icsd-145237,A2BCD6_oP20_31_b_a_a_2a2b:B-Cs-Nb-O,20,7,1
icsd-175681,A5B2CD2E8_oP72_60_c2d_d_c_d_4d:B-F-K-Li-O,72,10,1
icsd-145149,AB3C4_cP16_223_a_c_e:La-Pd-S,16,3,1
icsd-126467,AB_cF8_225_a_b:N-Ti,8,2,1
icsd-138183,AB3C2D9E2F2_mP76_14_e_3e_2e_9e_2e_2e:Cs-F-H-O-P-V,76,19,1
icsd-176783,AB8C2D4E12F4_aP31_2_a_4i_i_2i_6i_2i:Ca-H-K-N-O-S,31,16,1
icsd_87903,A2B7C3_tI24_139_e_aeg_be:Cd-Cl-Cs,24,6,1
icsd-174244,AB3C_mP20_14_ad_3e_e:Ni-O-Pr,20,6,1
icsd_139174,A2B_oP6_58_g_a:O-Si,6,2,1
icsd_125157,A5BC12D3_hP42_176_fh_a_2hi_h:Ca-F-O-P,42,7,1
icsd_127490,A20B8C8D_mP74_14_10e_4e_4e_a:O-Pb-S-Zn,74,19,1
icsd-176629,A5BC2_tI32_140_cl_a_h:Cl-Cs-Pb,32,4,1
icsd_127185,A5B3C2_tP40_128_egh_dh_h:Ge-Ru-Sm,40,6,1
icsd-149185,A2B2CDE4_mC40_12_gi_fi_i_i_2ij:Cl-Mg-P-Rb-S,40,9,1
icsd_125442,AB2C2_tI40_141_c_h_h:Ce-O-Si,40,3,1
icsd-64415,AB_cF8_225_a_b:Mg-S,8,2,1
icsd_135911,AB4C2D_tP32_90_ac_2g_g_bc:Cl-O-Sb-Y,32,7,1
icsd-146620,ABC_hP6_194_c_d_a:As-Au-Ca,6,3,1
icsd-137763,AB4C2_aP14_2_i_4i_2i:Cd-S-Sb,14,7,1
icsd-147461,A13B6_mC38_12_a6i_3i:O-V,38,10,1
icsd_124253,A12B3C4_hR114_161_4b_b_ab:S-Si-Y,114,7,1
icsd_123596,A6B2C_cF36_225_e_c_a:Cl-Cs-Hf,36,3,1
icsd-48829,A3B9C2D_oP60_19_3a_9a_2a_a:Na-O-P-Ta,60,15,1
icsd-126522,AB4C_mP12_14_a_2e_d:Co-O-Te,12,4,1
icsd_116288,A2B2CDEF6_hP26_163_f_f_c_b_a_i:B-Be-F-Mg-Na-O,26,6,1
icsd-149306,ABC2D5_mP36_14_e_e_2e_5e:Ba-Ge-K-S,36,9,1
icsd-146509,A2B3C_oP48_61_2c_3c_c:Na-Se-Si,48,6,1
icsd_128159,A2BC3_oI24_72_j_a_bj:As-In-K,24,4,1
icsd_137306,A12B2C_aP30_2_12i_2i_i:F-Sb-Zn,30,15,1
icsd-177254,AB2CD4_oP16_31_a_b_a_2ab:Ge-Li-Mg-O,16,6,1
icsd-147318,A2B4C11_mC68_15_f_2f_e5f:Al-C-O,68,9,1
icsd-175793,ABC3_hR30_167_a_b_e:B-Fe-O,30,3,1
icsd-176916,AB3C_oP40_55_i_efghi_gh:Hf-O-Pb,40,8,1
icsd-38802,AB2_tI6_139_a_e:Mo-Si,6,2,1
icsd_124480,A2B4C15_aP63_2_3i_6i_a22i:Gd-Mo-O,63,32,1
icsd-49412,ABC4D_oP28_62_c_c_4c_c:B-Ca-O-Sc,28,7,1
icsd_91707,A2BC2D6_hR33_166_c_a_c_h:B-Hf-K-O,33,4,1
icsd-176853,A2BC4_tI28_141_c_b_h:Cu-Ge-O,28,3,1
icsd_127613,A3B6C16D4_hP58_186_c_d_a3cd_bc:H-Mn-O-Te,58,9,1
icsd-126888,A2B6C2DE7F_mP76_14_2e_6e_2e_e_7e_e:Ba-F-Ga-I-O-P,76,19,1
icsd-70155,AB2_oP6_58_a_g:Cr-Sb,6,2,1
icsd-48429,A2BC3D6_mP48_14_2e_e_3e_6e:B-Er-Na-O,48,12,1
icsd_139162,A2B_tP6_136_f_a:O-Si,6,2,1
icsd-201307,A2B7C2_cF88_227_d_af_c:Gd-O-Ti,88,4,1
icsd-46964,A2B4C9_oP30_55_h_fg_aghi:Bi-Fe-O,30,7,1
icsd-174252,AB3C_oP20_62_a_cd_c:Ni-O-Pr,20,4,1
icsd-175013,AB7C12_cI40_204_a_bc_g:Ag-Mn-O,40,4,1
icsd_124750,A2BCD4_tI16_121_d_a_b_i:Cu-Ge-Mn-S,16,4,1
icsd-163597,A2B_cF24_227_c_b:Cr-Nb,24,2,1
icsd-70913,AB4_cF40_227_a_e:Al-Sr,40,2,1
icsd-129291,AB2C7D9E_mP80_14_e_2e_7e_9e_e:As-Cu-H-O-Pb,80,20,1
icsd_124245,A9B4_cI52_217_eg_2c:Cd-Cu,52,4,1
icsd-147477,ABC3_oP20_62_a_c_cd:Fe-Lu-O,20,4,1
icsd-175506,AB4C_mC24_15_e_2f_e:Nb-O-Y,24,4,1
icsd-146636,ABCD_tP8_129_c_a_b_c:Bi-Cu-O-S,8,4,1
icsd-68973,A2B4CD_oP32_29_2a_4a_a_a:F-O-S-Zr,32,8,1
icsd_127193,A5B3C2_tP40_128_egh_dh_h:Ge-Ru-Sm,40,6,1
icsd_115518,AB6CD2_oP40_19_a_6a_a_2a:Ba-O-Pb-Te,40,10,1
icsd-177612,AB5C5D5_oP64_62_c_3cd_3cd_3cd:As-Cu-F-O,64,13,1
icsd_136852,AB4C_mP12_13_e_2g_f:Mn-O-W,12,4,1
icsd-176900,A4B5_mP18_4_4a_5a:P-S,18,9,1
icsd-129012,A2B3CD8_mP28_4_2a_3a_a_8a:As-Cs-Pr-S,28,14,1
icsd-47949,AB9C2D3_mP60_14_ad_9e_2e_3e:Ca-O-Os-Sr,60,16,1
icsd_70211,AB3C12D4_cI40_204_a_b_g_c:Ca-Cu-O-Ti,40,4,1
icsd-149605,AB_mP32_14_4e_4e:Co-Si,32,8,1
icsd_64317,A14B4C4D3_aP50_2_14i_4i_4i_3i:Br-Re-S-Te,50,25,1
icsd-48700,A3B2_tP10_127_ah_g:La-Si,10,3,1
icsd-176845,A2BC4_tI28_141_c_b_h:Cu-Ge-O,28,3,1
icsd-138316,ABC3_hP30_185_ab_c_ab2c:Ho-Mn-O,30,7,1
icsd_116508,ABC2_oP16_33_a_a_2a:Fe-Na-O,16,4,1
icsd_124479,A4B15C2_aP42_2_4i_15i_2i:Mo-O-Pr,42,21,1
icsd-177429,AB4C_oP24_62_c_2cd_c:Cs-O-Re,24,5,1
icsd-46030,AB4C_oP12_31_a_2ab_a:Hg-O-S,12,5,1
icsd-177583,AB4C15D4_hP48_158_a_a2bc_5d_ab2c:Ba-La-O-Ti,48,14,1
icsd-42970,A2BC_cF16_225_c_a_b:Fe-Mn-Si,16,3,1
icsd-146374,AB2_hP6_194_c_ad:Al-Sc,6,3,1
icsd_128374,AB_oP4_31_a_a:As-Cr,4,2,1
icsd_127081,A_oP12_51_3k:C,12,3,1
icsd_125116,A2B6C_mP36_13_efg_6g_g:Lu-O-W,36,10,1
icsd-176668,A2B2C4D2E_mC44_9_2a_2a_4a_2a_a:Ag-In-S-Se-Si,44,11,1
icsd-175802,ABC3_hR30_167_a_b_e:B-Fe-O,30,3,1
icsd-149594,AB3C9D2_mP60_14_e_3e_9e_2e:Ca-Fe-O-Si,60,15,1
icsd-175551,A3B2C2D6E160F4G30_aP414_2_3i_2i_2i_6i_160i_4i_30i:Fe-K-Na-Nb-O-P-W,414,207,1
icsd-137722,A3BC_oC40_20_ab2c_c_ab:Br-Cu-Rb,40,7,1
icsd_116363,A3B3C_oP56_62_4cd_ac2d_2c:As-Sr-Zn,56,11,1
icsd_124212,A4B10C16D_aP248_2_16i_40i_64i_4i:Al-Bi-Cl-Pt,248,124,1
icsd-128984,A3BC9D_oP56_62_a2c_c_5c2d_c:Cu-Mo-O-S,56,12,1
icsd-126563,AB4C4_oP36_55_g_adhi_2g2h:Bi-Co-La,36,9,1
icsd-137958,AB4C_cF96_216_e_efg_e:In-Lu-Pt,96,5,1
icsd-144575,A5B22C16D13_aP112_2_5i_22i_16i_13i:Al-Cl-S-Sb,112,56,1
icsd_124838,A3B_oP16_51_3i_i:O-V,16,4,1
icsd_54719,ABC3_aP10_2_i_i_3i:Hg-P-S,10,5,1
icsd_96596,ABC_oP12_62_c_c_c:Au-Ba-Mg,12,3,1
icsd-145364,A7B3_oC40_63_c3f_cf:Ge-Re,40,6,1
icsd-144826,A2B2C7_cF88_227_d_c_af:Ir-Lu-O,88,4,1
icsd-175697,AB6CDE11_oC80_36_a_3b_a_a_3a4b:Ag-Ga-Mg-Rb-S,80,13,1
icsd-145221,AB8C2D4E_tI32_121_a_j_c_i_b:Cd-H-N-Se-Sn,32,5,1
icsd-177350,A3BC_cP5_221_c_a_b:Br-Cs-Sn,5,3,1
icsd-63954,ABCD7E2_mP48_14_e_e_e_7e_2e:Cu-K-Li-O-P,48,12,1
icsd_124584,A17B12C6_tI280_142_a4g_3g_eg:Na-S-Sn,280,10,1
icsd-139100,ABC2_mP16_14_e_e_2e:B-Li-O,16,4,1
icsd-144430,A4BC_mP36_11_6e3f_3e_a2e:O-P-V,36,15,1
icsd_64340,ABC3_oP20_26_ab_c_ab2c:Na-Nb-O,20,7,1
icsd_127503,AB22C21D2E_mP188_14_ad_22e_21e_2e_e:Co-H-O-S-U,188,48,1
icsd-64139,A2B4CDE14F3_mC100_15_f_2f_e_e_7f_ef:Al-H-N-Ni-O-P,100,14,1
icsd-139251,AB12C3D_mP68_14_e_12e_3e_e:Ni-O-Se-Zr,68,17,1
icsd-70480,AB2_mC120_15_2e4f_10f:In-S,120,16,1
icsd_125494,A3B4C_tP16_114_ad_e_b:Na-S-Sb,16,4,1
icsd-59217,AB4C_mC24_15_e_2f_e:Nd-O-Ta,24,4,1
icsd-76104,A4B13C6_cI46_229_c_ah_e:Ga-Pt-Y,46,4,1
icsd-145520,AB6C_mC32_15_e_3f_e:Ca-O-S,32,5,1
icsd_57321,A8B38C19D2_mP268_14_8e_38e_19e_2e:Br-H-O-U,268,67,1
icsd-145170,A3B3CD8_hP45_174_3k_3j_ace_3j5k:Al-Mg-Na-S,45,17,1
icsd-177001,A2B_hP3_164_d_a:S-Zr,3,2,1
icsd-39115,A6B26C3_tI140_108_cd_3c5d_ac:Ba-F-Fe,140,12,1
icsd_124790,AB4C4_cF72_227_a_e_e:Ag-Mo-O,72,3,1
icsd-177514,ABCD4_mP14_4_a_a_a_4a:Ge-K-La-S,14,7,1
icsd-175529,A6B2C6D_aP15_2_3i_i_3i_a:Br-Na-O-Pt,15,8,1
icsd_128249,A9BCD28E7_hR276_161_3b_a_a_a9b_a2b:Ca-H-Mg-O-P,276,18,1
icsd-70195,A8B2CD8E8_mC108_12_4j_2i_g_4j_4i2j:C-Cu-Mo-N-O,108,17,1
icsd-126848,A2B5C_oP16_55_h_agh_c:La-S-Sn,16,5,1
icsd_127446,A5B4_cF72_227_ae_e:Fe-O,72,3,1
icsd_136607,A2BC3_hP6_191_c_a_2g:B-Nd-Rh,6,4,1
icsd-139314,A5BC2_mC64_15_5f_f_2f:O-Si-Tm,64,8,1
icsd-174912,A2B_tI24_141_h_c:O-Rh,24,2,1
icsd_128863,AB12C4D6E_mP96_14_e_12e_4e_6e_e:F-H-N-O-P,96,24,1
icsd-175600,A2B_oI12_72_j_a:S-Si,12,2,1
icsd_123686,A13B3C2D_oP76_62_3c5d_3c_2c_c:F-K-Sb-Zr,76,14,1
icsd_137295,A2B2C12D3_oP76_19_2a_2a_12a_3a:Co-Cs-O-S,76,19,1
icsd-70316,A3B_tP16_136_cj_f:Ga-Ru,16,3,1
icsd-47065,AB2C6D_hR30_146_a_2a_2b_a:Ge-Li-O-Te,30,6,1
icsd_128530,A2B7C2D2_mP52_14_2e_7e_2e_2e:H-O-P-Sb,52,13,1
icsd_128160,A6B4C7_aP68_2_12i_8i_14i:As-In-K,68,34,1
icsd_124840,AB4C2D_hP216_144_9a_36a_18a_9a:C-H-N-Se,216,72,1
icsd-128786,A3B4C3D16_mC104_15_cf_2f_ef_8f:Al-As-Na-O,104,14,1
icsd-176539,A2B2C7D2_mP52_14_2e_2e_7e_2e:B-K-O-Pr,52,13,1
icsd_128475,A3B2CD9E_mP64_14_3e_2e_e_9e_e:Al-B-K-O-Sr,64,16,1
icsd_64338,ABC2D7_tP11_123_a_b_h_chi:Ce-Cs-Nb-O,11,6,1
icsd-146025,ABC2D2_oI12_71_b_a_g_f:Al-C-Co-Pr,12,4,1
icsd-70603,AB3C_tP5_99_b_ac_a:Ba-O-Ti,5,4,1
icsd-129482,ABC4D2_tP32_90_ac_bc_2g_g:Br-Er-O-Sb,32,7,1
icsd-148191,A6B2C_mP18_14_3e_e_a:Cl-K-Zr,18,5,1
icsd-163691,A2B_cF24_227_c_b:Cr-Nb,24,2,1
icsd-146926,A3B4CD9_oC136_20_3c_ab3c_ab_ab8c:Ga-Hg-K-S,136,20,1
icsd-177282,A2B6CD_mC20_12_i_ij_a_d:Ba-O-Pr-W,20,5,1
icsd_136938,A3B6C42DE38F2_hR276_146_3a_2b_14b_a_2a12b_2a:Al-Ca-H-Na-O-S,276,36,1
icsd-49094,A2BC2_hR15_166_c_a_c:Bi-Se-Te,15,3,1
icsd-148715,A60B6CD_cP272_205_10d_d_a_b:C-F-Li-P,272,13,1
icsd-175591,A6BC9DE_oP72_33_6a_a_9a_a_a:H-I-O-Rb-Te,72,18,1
icsd-82344,ABCD2E_mP72_14_3e_3e_3e_6e_3e:Ag-H-N-O-P,72,18,1
icsd-70984,A3B6CD13_oP92_62_abc_2c2d_c_3c5d:Ag-B-N-O,92,16,1
icsd-176647,A6B4C_hR66_167_f_ae_b:Cl-Cs-Pb,66,4,1
icsd_127104,A_oP32_56_4e:C,32,4,1
icsd-77257,A7B7C12D9_hP70_186_b2c_b2c_2cd_cd:Br-Cu-P-S,70,11,1
icsd-70592,A3B3C12D2_cI160_230_c_d_h_a:Ca-Ge-O-Sc,160,4,1
icsd_127411,A4BC7_oC48_63_eg_c_cgh:B-Mg-O,48,6,1
icsd-176352,AB2_cF12_225_a_c:Ce-O,12,2,1
icsd_119543,A4BC3_oF64_69_gho_g_gl:Bi-Ce-Ti,64,6,1
icsd-148200,AB_cF8_225_a_b:Mn-S,8,2,1
icsd-149738,A4B2C3D_oP40_29_4a_2a_3a_a:H-N-O-S,40,10,1
icsd-149692,A3B4_cF56_227_ad_e:Co-O,56,3,1
icsd_128567,A2B_tP6_136_f_a:O-Ti,6,2,1
icsd-144809,A2B4C_cF56_227_c_e_b:Fe-O-Zn,56,3,1
icsd-146834,A8BC3_mP24_11_2e3f_e_ef:O-Tl-V,24,8,1
icsd-46789,A4B3C14D3_mC48_5_2c_ac_7c_bc:H-La-O-P,48,13,1
icsd-147376,A12B2C7_oP84_62_4c4d_2c_c3d:F-Sb-Te,84,14,1
icsd-175712,A3B10C_cF112_225_e_fh_c:Dy-F-K,112,4,1
icsd_116120,A4B4C_cF72_227_e_e_a:Mg-O-V,72,3,1
icsd-45849,A9B2C2_mP52_14_9e_2e_2e:O-Se-V,52,13,1
icsd-147233,A4BC_mP48_14_8e_2e_2e:F-Mo-O,48,12,1
icsd-59539,AB4C_mP12_13_e_2g_f:Er-O-Ta,12,4,1
icsd_127387,A2B7C2_mP44_14_2e_7e_2e:Gd-O-Si,44,11,1
icsd_116823,A2B4C3D6_mC60_15_f_2f_ef_3f:Ga-La-O-Se,60,8,1
icsd_127542,AB3C9D2E5_oP160_31_4a_4a4b_8a14b_8a_4a8b:Ca-Ce-N-O-Si,160,54,1
icsd_64400,A3BCD8E_oC112_64_fg_f_d_2f3g_e:B-Li-Na-O-Si,112,10,1
icsd_127112,A_mP16_13_4g:C,16,4,1
icsd-145832,AB7C3_mP44_4_2a_14a_6a:Nb-O-Y,44,22,1
icsd-176651,A6B4C_hR66_167_f_ae_b:Cl-Cs-Pb,66,4,1
icsd-49606,A2B4C3_mP36_13_adg_4g_ef2g:K-S-Zn,36,11,1
icsd-70992,AB3C6D8_mP72_14_e_3e_6e_8e:Cs-I-Re-Se,72,18,1
icsd_58580,AB2C4_tP56_126_f_k_2k:Ga-K-Tl,56,4,1
icsd_127407,A4BC10D2_mP34_14_2e_a_5e_e:B-Co-O-Tb,34,9,1
icsd-175991,AB_hR6_160_a_a:Ge-Te,6,2,1
icsd-176714,ABC_oP12_33_a_a_a:Bi-F-S,12,3,1
icsd-64197,AB_cF8_225_a_b:Mn-N,8,2,1
icsd-144665,A2B4C_cF56_227_c_e_b:Ga-O-Zn,56,3,1
icsd_116423,A2B3C2_tP7_123_g_ag_g:Ba-N-Zr,7,4,1
icsd-138397,ABC4D_tP14_129_c_c_2cf_c:Ag-La-O-Ti,14,6,1
icsd-174953,A2B5C4_mP22_14_e_a2e_2e:Br-O-Sb,22,6,1
icsd_116589,A3B8CD14_mC52_8_3a_4b_a_4a5b:Ag-Ga-Rb-Se,52,17,1
icsd-137961,A16B9C2_oI54_71_fg3n_afgn_e:Al-Pt-Sr,54,10,1
icsd-70357,AB2C6D_tP10_123_c_g_abi_d:Ba-Mn-O-Pr,10,6,1
icsd-149684,AB2C3_hP12_194_c_ad_h:C-Na-O,12,4,1
icsd-48781,A9B3C2_hP14_164_ei_ad_d:Br-Cs-Sb,14,5,1
icsd_124801,AB3C_mP20_14_ad_3e_e:Cr-O-Y,20,6,1
icsd-137824,A4B3_oP28_62_2cd_cd:As-S,28,5,1
icsd_124944,ABC8D2_mP24_4_a_a_8a_2a:Dy-H-O-S,24,12,1
icsd-149391,AB2C4D12_tI38_121_a_c_i_ij:Hg-K-N-O,38,5,1
icsd-176128,A2B_mP12_14_2e_e:O-Zr,12,3,1
icsd-147225,ABC_oP24_62_2c_2c_2c:C-H-La,24,6,1
icsd_124417,AB3C11D_hR96_167_b_e_cef_a:Cs-N-O-Pu,96,6,1
icsd_129225,A2B4C_oP28_62_ac_2cd_c:Fe-O-Si,28,6,1
icsd-43088,AB2CD_hP10_194_a_f_c_d:Ce-H-Ni-Sn,10,4,1
icsd-138378,AB2C2DE4_tI40_109_a_b_b_a_2b:B-C-F-Na-O,40,6,1
icsd-43122,A13B6C60D15_mC188_5_a6c_ab2c_30c_b7c:Bi-K-O-P,188,49,1
icsd-177017,A3BC_tI10_107_ab_a_a:Al-Cu-Pr,10,4,1
icsd_123556,A2B5C10D3_oC40_65_e_cq_ghjp_ag:Cl-Pb-Se-Sn,40,9,1
icsd-145166,A3B3CD8_hP45_174_3k_3j_ace_3j5k:Al-Mg-Na-Se,45,17,1
icsd_62583,A2B2C_tI10_139_e_d_a:La-O-Te,10,3,1
icsd-139247,A2B4C2D8EF2_oP38_58_g_2g_e_2gh_a_g:Al-Ba-Li-N-O-Ta,38,9,1
icsd-144777,AB7CD2E_mP48_14_e_7e_e_2e_e:K-O-Sc-Si-Sr,48,12,1
icsd-176256,AB3C9_hP26_173_b_c_3c:Ga-I-O,26,5,1
icsd-144632,AB4C_tI24_141_a_h_b:Bi-O-V,24,3,1
icsd-176743,A2BCD4_tP8_123_h_a_b_i:Bi-Cl-Gd-O,8,4,1
icsd_127450,A5B4_cF72_227_ae_e:Fe-O,72,3,1
icsd-46818,A9B3C_hR78_155_3cdef_f_c:Ga-Ni-Yb,78,8,1
icsd-176313,ABCD_hP8_186_b_b_a_a:Cd-Cl-H-O,8,4,1
icsd-144798,A_hP2_194_c:La,2,1,1
icsd-145023,A2B12C12DE2F3_mC128_15_f_6f_6f_e_f_abc:C-F-H-K-N-Ti,128,18,1
icsd-129302,ABC3_hR30_167_a_b_e:C-Mn-O,30,3,1
icsd-177502,A3B4C_oP32_62_cd_2cd_c:K-S-V,32,6,1
icsd_124856,AB4C2D_hP72_152_ac_6c_3c_ac:C-H-N-Se,72,13,1
icsd_128176,A_cF4_225_a:Cu,4,1,1
icsd-176190,ABCD3_oC24_63_c_c_a_cf:Ba-Cu-Er-Se,24,5,1
icsd-146875,A2B3C3DE21F_mC248_15_2f_3f_3f_f_21f_f:H-Mo-Na-Np-O-Pu,248,31,1
icsd-144848,AB3C_oP20_62_c_cd_a:La-O-V,20,4,1
icsd_128875,A2BC2_tP10_127_g_a_h:Pd-Sn-Yb,10,3,1
icsd-176939,A5B12C2_mC38_12_a2i_2i2j_h:Dy-O-Ru,38,8,1
icsd-147337,AB2C3D13E3_oP88_62_c_2c_cd_7c3d_3c:H-K-Mn-O-V,88,18,1
icsd-175246,A3B2C7_tI24_139_ae_e_beg:La-Ni-O,24,6,1
icsd-146930,AB2_oP6_58_a_g:Cr-Sb,6,2,1
icsd_116531,AB6CD2_cF40_225_a_e_b_c:Al-F-K-Rb,40,4,1
icsd-147788,A3B4CD12_mC80_15_ef_2f_e_6f:Al-B-Eu-O,80,11,1
icsd_136884,ABC2_tI32_88_c_d_f:Ba-Mo-O,32,3,1
icsd-129494,A3BC_mP40_14_6e_2e_2e:O-Pb-Se,40,10,1
icsd-64206,AB_cF8_225_a_b:Mn-N,8,2,1
icsd_128199,A_cF4_225_a:Cu,4,1,1
icsd_125251,AB6C2D_mP20_14_a_3e_e_d:Co-O-Sr-Te,20,6,1
icsd-144649,A9B3C_mC156_9_27a_9a_3a:O-P-V,156,39,1
icsd-175817,A2B_oI12_71_eg_f:Te-U,12,3,1
icsd-46863,ABC4D_hP168_173_4c_a2b3c_16c_4c:Ga-K-O-Si,168,30,1
icsd-70402,A2B2C5_oP36_62_ac_d_c2d:Co-La-O,36,6,1
icsd-128991,A4B20C2D17_mC172_15_2f_10f_ae_e8f:B-H-Na-O,172,23,1
icsd-147435,A3B_oP16_59_ab2e_f:Br-Ru,16,5,1
icsd_124207,ABC3D_hP36_190_3h_af_3h3i_2g:C-F-O-Pr,36,13,1
icsd-137737,ABC4DE_mP32_14_e_e_4e_e_e:Br-K-O-S-Zn,32,8,1
icsd-42965,AB2CD6_mP20_14_a_e_d_3e:Co-Dy-Mn-O,20,6,1
icsd-177596,A7BC3D15E_mP108_14_7e_e_3e_15e_e:B-Ba-K-O-Te,108,27,1
icsd-126433,A2B3_cI80_206_ad_e:Gd-O,80,3,1
icsd_127997,A_cF4_225_a:Co,4,1,1
icsd_124342,A2B19C4D2_mC108_15_f_e9f_2f_f:H-O-S-U,108,14,1
icsd-47264,A13B6_mC38_12_a6i_3i:O-V,38,10,1
icsd_127094,A_oP24_62_2c2d:C,24,4,1
icsd-70547,ABC3_oP40_57_cd_e_cd2e:Ag-Nb-O,40,7,1
icsd_92256,ABCD3_oP24_62_c_c_c_3c:Bi-Cu-Pb-S,24,6,1
icsd-146361,A2B_tP6_137_d_a:O-Zr,6,2,1
icsd-149094,ABCD_tP8_129_c_c_c_a:B-Gd-N-Ni,8,4,1
icsd_123254,ABC6D2_mP20_7_a_a_6a_2a:Mo-Ni-O-Pb,20,10,1
icsd-147659,A2B6CD_cF40_225_c_e_a_b:Cs-I-Na-Nd,40,4,1
icsd-45873,A2BC4D6_mC26_5_c_a_a3b_3c:Ge-Mn-Na-Se,26,9,1
icsd-174990,AB15C3_mP76_14_e_15e_3e:Ce-O-Tc,76,19,1
icsd-147209,AB7CD24E5F_tP156_130_c_cdg_a_6g_bg_c:Cl-Cu-K-O-S-Te,156,14,1
icsd_124968,A2B9C8D18E_hP76_165_d_fg_dg_3g_b:Br-C-La-N-O,76,9,1
icsd-173306,A4B2CD5E_oI26_44_e_c_a_ae_b:C-K-Mn-N-O,26,6,1
icsd-176554,A3B4C10D2_mC76_15_ef_2f_5f_f:Be-H-O-P,76,10,1
icsd-137808,ABC4D2_tP32_90_ac_bc_2g_g:Cl-Er-O-Sb,32,7,1
icsd-139115,ABC2_mP16_14_e_e_2e:B-Li-O,16,4,1
icsd_126810,A3B_mP32_14_6e_2e:O-W,32,8,1
icsd-201129,A3B4_tI28_141_ad_h:Mn-O,28,3,1
icsd-47008,A2BC2D9_oC56_36_b_a_b_a4b:Bi-Ca-Nb-O,56,8,1
icsd-176942,A12B2C5_mC38_12_2i2j_h_a2i:O-Ru-Tm,38,8,1
icsd-46249,A2BC6D2_oC44_41_b_a_3b_b:B-Ca-O-Zn,44,6,1
icsd-145371,AB3C_tP5_123_c_ae_b:Ba-O-Ti,5,4,1
icsd-177200,AB9C71D10_aP182_2_i_9i_71i_10i:Dy-Na-O-W,182,91,1
icsd-148797,AB2C2_tP10_129_c_ac_bc:La-Pt-Si,10,5,1
icsd-80251,AB12C4D3_hP40_173_b_4c_bc_c:F-O-Se-Y,40,8,1
icsd_127186,A5B3C2_tP40_128_egh_dh_h:Ge-Ru-Sm,40,6,1
icsd_128273,A2B4C_oP28_62_ac_2cd_c:Mn-O-Si,28,6,1
icsd-146789,A2BC4D_tI32_140_h_a_l_c:B-Si-Ta-V,32,4,1
icsd_125441,AB2C2_tI40_141_c_h_h:Ce-O-Si,40,3,1
icsd-64416,A_cI2_229_a:Mg,2,1,1
icsd_135912,AB4C2D_mP32_14_e_4e_2e_e:Br-O-Sb-Y,32,8,1
icsd-176295,A2BC4_tI14_139_e_a_ce:La-Ni-O,14,4,1
icsd-126937,AB3C_hP10_194_c_h_a:Ba-S-Ti,10,3,1
icsd_125504,A3B4C_tP16_114_ad_e_b:Na-S-Sb,16,4,1
icsd-201312,A2B7C2_cF88_227_d_af_c:Gd-O-Ti,88,4,1
icsd-174247,AB3C_oP20_62_a_cd_c:Ni-O-Pr,20,4,1
icsd_139177,A2B_oP6_58_g_a:O-Si,6,2,1
icsd_123983,A2B12C3_mP68_14_2e_12e_3e:Bi-O-S,68,17,1
icsd-149169,AB6C2_tP18_128_a_eh_d:Hf-I-Rb,18,4,1
icsd-175905,AB14C4_mC38_12_a_7i_2i:Cr-Te-Zr,38,10,1
icsd-49387,A8B3C15D_aP54_2_8i_3i_15i_i:B-Na-O-Y,54,27,1
icsd-128929,ABC2D2_mP24_14_e_e_2e_2e:Al-F-H-O,24,6,1
icsd_116634,A7B3C3D10E3_oC104_36_a3b_ab_ab_2a4b_ab:F-Fe-K-O-P,104,16,1
icsd-139142,A5BC3_hP9_191_ah_b_f:Bi-Cs-Ti,9,4,1
icsd_124895,AB3C2D10E2_hR54_166_a_d_c_2ch_c:Ba-Co-H-O-V,54,7,1
icsd-70639,ABC_hP6_186_b_b_a:Au-Ge-Lu,6,3,1
icsd-47819,ABC8D2_mC24_12_a_c_2ij_i:Cr-Na-O-S,24,6,1
icsd-138303,A8BC12D2_aP23_2_4i_a_6i_i:H-Mg-O-Re,23,12,1
icsd-176850,A2BC4_tI28_141_c_b_h:Cu-Ge-O,28,3,1
icsd_137305,A18B3CDE3_oP104_62_4c7d_cd_a_c_cd:F-H-Ni-O-Sb,104,17,1
icsd-129007,AB2C_oP48_55_ei_2g2hi_gi:Fe-Ge-Sc,48,9,1
icsd-145326,AB2C_hR12_166_a_c_b:Ce-O-Rb,12,3,1
icsd-177607,A2B2C7D2E2_oP60_60_d_ac_c3d_d_d:F-Mg-O-P-Rb,60,9,1
icsd-176915,ABC_oI12_74_e_a_c:La-Ni-Ru,12,3,1
icsd-146635,A10B4C2D2E17_mC70_8_5b_2b_2a_b_a8b:B-Cl-Cs-La-O,70,19,1
icsd-144608,A5B3C12_cI160_230_ad_c_h:Al-Gd-O,160,4,1
icsd-149190,A5BC10D3_mP76_14_5e_e_10e_3e:B-Mg-O-Rb,76,19,1
icsd-146265,A6B4C9D2E8_mC232_15_6f_ae3f_9f_2f_8f:B-Cs-F-H-O,232,30,1
icsd-126864,AB3C4D_tP36_135_c_dh_i_b:Cr-F-H-N,36,5,1
icsd_117526,A4B3C18D3_hP28_164_cd_ad_3i_bd:Ba-Ni-O-Os,28,9,1
icsd_127190,A5B3C2_tP40_128_egh_dh_h:Ge-Ru-Sm,40,6,1
icsd_127939,ABC3D_oC24_63_c_a_cf_c:Cu-Er-Se-Sr,24,5,1
icsd-175505,AB4C_mC24_15_e_2f_e:Nb-O-Y,24,4,1
icsd_116337,AB4C_mP12_13_e_2g_f:Nb-O-Sc,12,4,1
icsd-70156,AB2_oP6_58_a_g:Cr-Sb,6,2,1
icsd_139161,A2B_tP6_136_f_a:O-Si,6,2,1
icsd-174251,AB3C_oP20_62_a_cd_c:Ni-O-Pr,20,4,1
icsd_125512,ABC2_mP16_14_e_e_2e:La-Li-O,16,4,1
icsd-176796,A4B13C20D5E2_tI176_88_f_a3f_5f_bf_e:B-F-H-N-O,176,13,1
icsd-176846,A2BC4_tI28_141_c_b_h:Cu-Ge-O,28,3,1
icsd-138315,A2B7C8_mP102_11_2e2f_5e8f_4e10f:I-O-Pb,102,31,1
icsd-45832,ABC5D3_mP40_11_2e_2e_10e_6e:Ga-O-Se-Sm,40,20,1
icsd-175339,A5BC3_mC72_15_5f_ce_3f:Cl-In-Rb,72,10,1
icsd_115777,AB5C_oP56_33_2a_10a_2a:Fe-O-Sb,56,14,1
icsd-149606,AB_aP8_2_2i_2i:Co-Si,8,4,1
icsd-48353,A2B3C5_tP40_128_h_dh_egh:Ce-Re-Si,40,6,1
icsd_124883,A15B30C7D2E_hR165_155_d2f_5f_ade_c_b:B-O-Rb-Sc-Sr,165,13,1
icsd-49811,AB_hP4_186_b_b:O-Zn,4,2,1
icsd-80928,A2B_mC24_12_4i_2i:O-V,24,6,1
icsd-54665,A2BC4_cF56_227_c_b_e:Al-Mg-O,56,3,1
icsd-176450,A32B3CD5_mP164_14_32e_3e_e_5e:F-K-Mn-Sb,164,41,1
icsd-129441,ABC4D_oP28_62_c_a_2cd_c:B-Mn-O-Sr,28,6,1
icsd-129011,A2B3CD8_mP28_4_2a_3a_a_8a:As-Cs-Nd-S,28,14,1
icsd_116360,A3B3C_oP56_62_4cd_ac2d_2c:P-Sr-Zn,56,11,1
icsd-175102,AB129C4D6E30_mP1360_13_2g_258g_8g_12g_60g:Na-O-Te-U-W,1360,340,1
icsd_116730,A8B3_hP33_162_eh3k_ack:H-Yb,33,8,1
icsd-128987,A3BC9D_oP56_62_a2c_c_5c2d_c:Cu-Mo-O-S,56,12,1
icsd-41719,AB4C2_cF56_227_a_e_d:Mn-O-V,56,3,1
icsd-176684,A2B_hP12_194_ah_f:Al-Hf,12,3,1
icsd-175801,ABC3_hR30_167_a_b_e:B-Fe-O,30,3,1
icsd-46930,A3B16C2D4_mP50_14_ae_8e_e_2e:Co-O-Rb-S,50,13,1
icsd_127082,A_oP16_54_2df:C,16,3,1
icsd_127128,A_mC32_15_4f:C,32,4,1
icsd_92610,AB4C_oP24_62_a_2cd_c:Cu-O-S,24,5,1
icsd-149128,ABC2_cF16_225_a_b_c:Fe-Ga-V,16,3,1
icsd-48884,A3B7C_oC44_63_ag_cgh_b:La-O-Sb,44,6,1
icsd-144433,A4BC_oP24_62_2cd_c_c:O-P-V,24,5,1
icsd-139103,ABC2_mP16_14_e_e_2e:B-Li-O,16,4,1
icsd-49846,A7BC4_cP96_218_bcefi_ad_ei:Li-Mn-N,96,9,1
icsd-175694,ABC4D_oC28_40_a_b_2bc_b:Ce-Li-S-Si,28,6,1
icsd-144960,AB3C2D8_mP56_4_2a_6a_4a_16a:Cd-Ge-K-Se,56,28,1
icsd-145367,AB2C2_tI10_139_a_d_e:Er-Pd-Si,10,3,1
icsd-129416,ABC2D2E11F2_oC76_63_c_c_f_g_c3fh_f:B-Cs-Dy-Na-O-P,76,10,1
icsd-175381,A2BC4DE_mP18_11_f_e_2ef_e_e:F-K-O-S-Y,18,7,1
icsd-144825,A2B7C2_cF88_227_d_af_c:Ir-O-Tm,88,4,1
icsd-144576,A16B2C26D_mP90_14_8e_e_13e_a:B-Na-O-Sr,90,23,1
icsd-149763,A2B4C_cF56_227_c_e_b:Fe-O-Zn,56,3,1
icsd-144501,A2BC16D4_aP23_2_i_a_8i_2i:B-Cu-O-S,23,12,1
icsd_61589,AB6C_hR24_148_a_f_b:Ca-F-Ge,24,3,1
icsd_137299,A10BCD22E5_aP78_2_10i_i_i_22i_5i:H-K-Mn-O-V,78,39,1
icsd_91677,A2B_tP6_136_f_a:F-Fe,6,2,1
icsd-200759,A4B2C6D16E_cF232_203_e_c_f_eg_b:C-Mg-Na-O-S,232,6,1
icsd-138335,AB_oP8_62_c_c:Ba-Cl,8,2,1
icsd_64334,AB7CD2_tP11_123_a_chi_b_h:Ce-O-Rb-Ta,11,6,1
icsd_128479,AB6C2D2E_tP48_136_c_efk_fg_j_d:F-O-Rb-Si-Y,48,8,1
icsd_124289,AB2C2_hP10_194_b_ac_f:Ni-P-Zr,10,4,1
icsd-70176,A3B2C5D2_tI24_139_ae_e_bg_e:Ba-H-O-Yb,24,6,1
icsd-45687,A2BC4_oP112_33_8a_4a_16a:Ga-Pb-S,112,28,1
icsd-144628,AB4C_mC24_15_e_2f_e:Bi-O-V,24,4,1
icsd-139318,A5B2C_mP32_14_5e_2e_e:O-Pr-Si,32,8,1
icsd-146615,AB2C8D_mP48_14_e_2e_8e_e:Bi-Mo-O-Rb,48,12,1
icsd-200923,A2B2C5_mP36_14_2e_2e_5e:B-Ca-O,36,9,1
icsd-64420,A_oF128_70_4h:S,128,4,1
icsd-126844,AB4CD_mP84_14_3e_12e_3e_3e:Na-O-P-Zn,84,21,1
icsd-144782,A2B7C3_mP24_11_2e_7e_3e:Na-O-Ti,24,12,1
icsd_128245,ABC5D_aP16_2_i_i_5i_i:Bi-La-O-Si,16,8,1
icsd-70463,A4B5_oC36_63_acf_c2f:Fe-O,36,6,1
icsd_62576,ABC3DE_mP28_14_e_e_3e_e_e:F-H-O-P-Sb,28,7,1
icsd-175525,A2B6C_cF36_225_c_e_a:Cs-I-Pt,36,3,1
icsd_87170,ABC_hP6_194_c_d_a:Gd-H-S,6,3,1
icsd-67172,A6BC6DE12_hR78_166_h_a_h_b_2h:Cs-F-Ga-Na-S,78,6,1
icsd-126669,A6B105C37D2E3_mP612_14_6e_105e_37e_2e_3e:Br-H-N-O-U,612,153,1
icsd_126575,A2B2C5D2_oP44_55_2g_2h_5g_2g:B-Cl-O-Sc,44,11,1
icsd-138227,ABC3_oP20_62_a_c_cd:Cr-Lu-O,20,4,1
icsd-46785,A2B3C13D3_aP84_1_8a_12a_52a_12a:H-La-O-P,84,84,1
icsd-146091,A8BC6_oP30_53_2hi_a_hi:C-Cd-N,30,6,1
icsd-48631,ABC3D_oC24_63_c_c_cf_a:Cu-Rb-S-Th,24,5,1
icsd-149734,AB_cF8_225_a_b:Cr-N,8,2,1
icsd-139123,ABC2_mP16_14_e_e_2e:B-Li-O,16,4,1
icsd_123632,A5B8C5D2_hR120_146_a3b_a5b_a3b_ab:H-N-O-Pb,120,16,1
icsd-138362,ABC2D4_oP32_33_a_a_2a_4a:Ge-Hg-Li-Se,32,8,1
icsd_123798,A3BC_oP20_62_3c_c_c:I-Pb-Rb,20,5,1
icsd-126686,A6BCD15E3_oP104_58_eg2h_g_g_3g6h_ach:B-C-Cd-O-Rb,104,18,1
icsd-126956,ABC3_oP20_62_a_c_cd:Cr-Gd-O,20,4,1
icsd-70571,AB2C2DE3_oP36_57_d_2d_ac_d_c2d:Al-Ba-F-Li-O,36,9,1
icsd-145982,A2B3C9D3E_oP72_62_2c_3c_3c3d_3c_c:Ba-H-O-P-Zn,72,15,1
icsd-149558,A2BC6D_mP20_14_e_a_3e_d:Dy-Mg-O-Ti,20,6,1
icsd_127108,A_oP16_28_4d:C,16,4,1
icsd-145828,AB7C3_oC44_20_a_3b2c_ac:Nb-O-Y,44,8,1
icsd-147546,AB3C_hP10_194_a_h_c:Cr-Ge-Nd,10,3,1
icsd-70988,A12BC3D14E2_hR192_161_4b_a_b_2a4b_2a:H-Li-Na-O-Se,192,14,1
icsd-145081,A3BC7D3_oP112_61_3c_c_7c_3c:B-Br-O-Sn,112,14,1
icsd_137558,ABC_oP12_62_c_c_c:Ga-Ni-Tb,12,3,1
icsd-200562,A3B9C4_hR96_167_ac_ef_2c:Ba-O-Y,96,6,1
icsd_60459,A5B3_mP32_14_5e_3e:N-P,32,8,1
icsd-126405,AB6C2D_cF40_225_a_e_c_b:Bi-Cl-Cs-Na,40,4,1
icsd_124231,AB2C_cF16_225_a_c_b:Al-Fe-V,16,3,1
icsd_115995,ABC_oP12_62_c_c_c:Cr-Nb-P,12,3,1
icsd_128212,A3B10C_hP28_194_h_ahk_c:Al-Dy-Ru,28,5,1
icsd-70434,A4B3C28D2_oP148_52_2e_ce_cd13e_e:Au-Cu-F-O,148,20,1
icsd-46855,ABCD4_oP28_33_a_a_a_4a:Al-Cs-Ge-O,28,7,1
icsd-175821,A2B_oI12_71_eg_f:Te-U,12,3,1
icsd-48518,A2BC2_tP10_127_g_a_h:B-Fe-Mo,10,3,1
icsd_61462,AB7CD_mC40_5_c_7c_c_c:Cl-F-O-Sn,40,10,1
icsd_127722,AB4C_mP24_14_ad_4e_e:Cu-O-Se,24,7,1
icsd-48627,ABCD3_oC24_63_c_c_a_cf:Cu-Na-Np-S,24,5,1
icsd-176431,AB3C_oC10_38_a_bd_b:Nb-O-Rb,10,4,1
icsd-138231,A2BC6D_tP40_86_abc_e_3g_d:Mn-Nd-O-Ta,40,8,1
icsd-144813,A4BC2_oP14_55_gh_a_h:F-Fe-Na,14,4,1
icsd-129420,A6BCD3E13_oP96_33_6a_a_a_3a_13a:B-Cd-Eu-H-O,96,24,1
icsd-148099,A4B4C2DE4_aP15_2_2i_2i_i_a_2i:Cl-H-K-Np-O,15,8,1
icsd-147696,AB_oP16_61_c_c:O-Sn,16,2,1
icsd-67164,A8BC2D16_aP27_2_4i_a_i_8i:B-Ca-La-O,27,14,1
icsd-45853,AB5C15D_oP88_33_a_5a_15a_a:Cu-I-O-Pr,88,22,1
icsd-46286,A9B4C3_cI64_197_df_2c_e:Cs-Hg-O,64,5,1
icsd-148975,AB_hP4_194_a_c:Mn-N,4,2,1
icsd_124948,AB8C2D_mP24_4_a_8a_2a_a:H-O-S-Sm,24,12,1
icsd-137982,AB4C_oP96_61_2c_8c_2c:Al-O-P,96,12,1
icsd_139229,ABCD3_oC24_63_c_a_c_cf:Cu-Dy-Sr-Te,24,5,1
icsd-49870,ABCD4_oP56_62_2c_2c_2c_2c3d:Ba-Er-Fe-O,56,11,1
icsd-80949,A_cF4_225_a:Ni,4,1,1
icsd_62188,AB2CD5_mP18_4_a_2a_a_5a:Er-H-N-O,18,9,1
icsd-175421,A4B2C7_hP13_164_cd_d_ai:Ge-K-O,13,5,1
icsd-145097,A6B6C4D3_cI38_217_d_e_c_b:F-O-Sb-Zn,38,4,1
icsd-147550,A2B3_hR15_166_c_ac:Bi-Te,15,3,1
icsd-175972,A4BC2_tI14_139_h_a_d:Au-La-Mn,14,3,1
icsd_128341,AB4C_hP108_176_hi_2h5i_hi:Al-O-P,108,11,1
icsd-126940,A2B4C_cF56_227_c_e_b:Fe-O-Zn,56,3,1
icsd-70588,A3B3C4_oC20_38_ad_ae_abe:Al-Co-La,20,7,1
icsd-176718,A2BC4_oP28_62_2c_c_4c:Bi-Pb-S,28,7,1
icsd_125436,AB2C2_tI40_141_c_h_h:Ce-O-Si,40,3,1
icsd_127958,AB7C2D_hP66_144_2a_14a_4a_2a:Na-O-Sb-Te,66,22,1
icsd_115829,A7BC12_mC40_12_abcef_d_2i2j:Mn-Nd-O,40,10,1
icsd-138118,A2B4C17D6_tP58_128_e_h_a2i_dh:K-Pd-S-U,58,7,1
icsd-68012,A13B2C18_hP66_143_2a8d_2b2c_12d:Bi-Br-S,66,26,1
icsd_61966,A6BC12D2E2_hP23_162_2k_a_4k_c_d:C-Co-N-Na-Sn,23,9,1
icsd-159325,AB6C2_hP9_189_a_fg_d:Fe-Ho-Sb,9,4,1
icsd-76722,AB2C2D7E2_hP42_152_a_c_c_b3c_c:Ba-Cu-Na-S-Sn,42,8,1
icsd-176935,AB3C_oP20_62_c_cd_a:Nd-O-Ru,20,4,1
icsd-174908,ABC2_hP8_194_a_c_f:C-Ge-V,8,3,1
icsd_56316,A2BC2D_tI48_88_f_c_f_d:H-N-O-Re,48,4,1
icsd_115604,A6B2C_hP9_162_2k_c_b:F-Li-Mo,9,4,1
icsd_128480,AB6C2D2E_tP48_136_c_efk_fg_j_d:F-O-Rb-Si-Tb,48,8,1
icsd-176523,A2B3C_oC24_36_b_ab_a:Li-O-Si,24,4,1
icsd-47090,AB5C54DE11_aP144_2_i_5i_54i_i_11i:Bi-K-O-Si-W,144,72,1
icsd_89314,A2B2C_tP5_123_g_g_a:Bi-Li-Mn,5,3,1
icsd-129162,A6B4C14D2E_mP54_11_2e2f_4e_2e6f_2e_e:Br-C-H-N-Sn,54,19,1
icsd-149519,A4BCD8_cF56_216_e_a_c_2e:Cr-Cu-Ga-S,56,5,1
icsd-145869,AB_hP4_186_b_b:O-Zn,4,2,1
icsd-147854,A_hP2_194_c:Tb,2,1,1
icsd_127149,ABC_oP12_62_c_c_c:Cr-P-Ta,12,3,1
icsd_139157,A2B_tP6_136_f_a:O-Si,6,2,1
icsd-147507,AB_cF8_225_a_b:Ni-O,8,2,1
icsd-46052,A2B7_oP18_55_g_bg2h:Mg-Si,18,5,1
icsd-147157,A2BC5D_mC36_15_f_c_e2f_e:H-Mn-O-S,36,6,1
icsd_129157,A3B12C3D15E5_hP38_189_2f_3j3k_2f_2f3j3k_d2f:C-H-N-O-Y,38,21,1
icsd-137740,ABC4DE_mP32_14_e_e_4e_e_e:Cl-Cs-O-S-Zn,32,8,1
icsd-52504,AB5C4_mP20_11_e_a2ef_2ef:Ga-Li-Se,20,8,1
icsd-147442,A2BCD6_mP20_13_g_a_b_3g:Bi-Cr-Mn-O,20,6,1
icsd-70926,AB3CD9_hP28_188_a_k_c_kl:Ba-Ge-Hf-O,28,5,1
icsd-145886,ABC_oP12_62_c_c_c:Ge-Ni-Ti,12,3,1
icsd-144794,A_cP8_223_ac:La,8,2,1
icsd_128253,A3B2C_hP18_191_fk_l_ad:Cd-Pd-Sr,18,5,1
icsd-175860,A4B12C6D13_cI70_204_c_g_e_ag:Ba-Cu-Rb-Se,70,5,1
icsd-147911,A6B2C_cF36_225_e_c_a:Cl-Cs-W,36,3,1
icsd-146603,AB6CD2_mP20_14_a_3e_d_e:Gd-O-Sb-Sr,20,6,1
icsd_115487,AB6C14D4E2_aP54_2_i_6i_14i_4i_2i:Ca-H-O-P-Ti,54,27,1
icsd-144429,A4BC_oP24_62_2cd_c_a:O-P-V,24,5,1
icsd-139119,ABC2_mP16_14_e_e_2e:B-Li-O,16,4,1
icsd-137804,ABC4D2_tP32_90_ac_bc_2g_g:Cl-Gd-O-Sb,32,7,1
icsd_116815,A2B3C4D4_tP13_123_g_ag_2g_2g:As-Cr-O-Sr,13,7,1
icsd_59077,AB_oC8_63_c_c:Si-Zr,8,2,1
icsd-80066,A4BC_oP24_62_2cd_c_c:O-Pb-S,24,5,1
icsd_63865,A2B_oP12_62_2c_c:Br-Sn,12,3,1
icsd-177349,A3BC_mP40_4_12a_4a_4a:Br-Cs-Sn,40,20,1
icsd-138358,A3B2C8D2_tP30_116_ci_e_2j_f:Hg-Na-Se-Si,30,6,1
icsd-146947,AB7C2D_aP22_2_i_7i_2i_i:Ba-O-P-Zn,22,11,1
icsd_116116,AB4C3DE3F_aP52_2_2i_8i_6i_2i_6i_2i:C-F-H-N-O-S,52,26,1
icsd-46300,AB4C5D_oP44_33_a_4a_5a_a:Al-Ca-N-Si,44,11,1
icsd-52206,A4B2C5D2_mP104_14_8e_4e_10e_4e:H-Na-O-S,104,26,1
icsd-45039,A3BC3DE4_oP96_60_3d_2c_3d_d_4d:B-Cs-F-K-O,96,13,1
icsd-70377,AB19C7_hP54_188_a_ghk2l_cl:Ho-O-Ta,54,8,1
icsd_124821,AB6C_hR24_148_a_f_b:Br-F-Rb,24,3,1
icsd-177575,A2BC_hR12_166_c_a_b:Ba-F-N,12,3,1
icsd-175548,AB14C5D21_hP246_173_a2b_14c_5c_21c:Al-H-I-O,246,43,1
icsd-147439,AB3_tI32_139_de_im:Dy-Si,32,4,1
icsd-49333,ABC4D_oP28_62_c_c_2cd_c:Cs-P-S-Sr,28,6,1
icsd-176364,AB4C8_cP52_198_a_ab_2a2b:Ga-Nb-Se,52,7,1
icsd_123937,A2BCD9_hR39_155_c_b_a_df:I-In-N-O,39,5,1
icsd_127427,A2B_hP9_152_c_a:O-Si,9,2,1
icsd-126829,A2B2C5_oP36_62_d_ac_c2d:Ca-Fe-O,36,6,1
icsd-126983,ABC2_hR12_166_a_b_c:Co-Li-O,12,3,1
icsd-38620,A5BC12D3_hP42_176_fh_a_2hi_h:Ca-F-O-P,42,7,1
icsd-176734,A12B4C3D16E3_aP38_1_12a_4a_3a_16a_3a:H-Mo-N-O-P,38,38,1
icsd-149077,A2BC_oC8_38_d_a_b:C-Ni-Sm,8,3,1
icsd_127077,A_oP8_17_ace:C,8,3,1
icsd-54014,A5B9_oP224_61_10c_18c:Ga-S,224,28,1
icsd-149098,ABCD_tP8_129_c_c_a_c:B-N-Ni-Tb,8,4,1
icsd-146697,A8B3C35D14_mC240_15_4f_cf_e17f_7f:Cs-Cu-O-Si,240,31,1
icsd-149562,A2B_hP3_191_c_b:B-Zr,3,2,1
icsd_127132,A_oP16_17_4e:C,16,4,1
icsd_117584,A2BC6D_mP20_14_e_a_3e_d:Gd-Mg-O-Ti,20,6,1
icsd-139230,ABCD3_oP24_62_c_c_c_3c:Cu-Sr-Tb-Te,24,6,1
icsd-176671,AB3C_mC40_15_2e_3f_f:Ge-N-P,40,6,1
icsd-149132,ABC2_cF16_225_a_b_c:Ga-Mn-V,16,3,1
icsd-177430,AB4C_tI24_88_a_f_b:Cs-O-Re,24,3,1
icsd-128972,A3B2C9_oP56_62_a2c_2c_5c2d:Cu-Mo-O,56,12,1
icsd_115940,AB4_mP20_14_e_4e:C-F,20,5,1
icsd_116511,ABCD50E4F6_mP252_14_e_e_e_50e_4e_6e:Cs-Eu-K-O-Se-Ta,252,63,1
icsd-145795,A5B8C2D_oP64_19_5a_8a_2a_a:H-O-Se-Y,64,16,1
icsd-47815,A2B4C_oF56_70_e_h_a:Ag-O-Se,56,3,1
icsd-45828,ABC9D2EF_mP60_14_e_e_9e_2e_e_e:B-H-O-P-Rb-V,60,15,1
icsd-147252,A3B4_cF56_227_ad_e:Co-O,56,3,1
icsd-70635,ABC_hP6_186_b_a_b:Au-Dy-Ge,6,3,1
icsd-45081,A13B18C12D13E4_mC480_15_13f_18f_12f_13f_4f:C-N-O-S-Zr,480,60,1
icsd-48719,A3B2CD7_mP52_14_3e_2e_e_7e:Ba-Ga-Hg-S,52,13,1
icsd-146156,ABC10D2E2_aP32_2_ag_i_10i_2i_bci:As-Br-F-O-Xe,32,18,1
icsd_128156,A4BC7_oP96_55_2g2h2i_gh_ef2g2h4i:In-K-Na,96,18,1
icsd-146506,A_hP2_194_c:Si,2,1,1
icsd-70320,A3B_tP16_136_cj_f:Ga-Ru,16,3,1
icsd_116004,ABCD_oP16_57_d_d_c_d:C-N-Rb-S,16,4,1
icsd-175636,AB2C16D6_oP100_33_a_2a_16a_6a:F-Ga-O-Se,100,25,1
icsd-147317,A2B9C2_mP52_14_2e_9e_2e:Ba-F-Fe,52,13,1
icsd_137309,A12BC2_aP30_2_12i_i_2i:F-Fe-Sb,30,15,1
icsd-144612,ABC6D2_mP20_14_a_d_3e_e:Ir-Ni-O-Pr,20,6,1
icsd-139322,A2B8CD2_oP52_60_d_4d_c_d:B-O-Si-Tb,52,7,1
icsd-139288,A6B6CD2_hP60_194_l_jk_f_ah:H-O-Rb-Te,60,6,1
icsd-45717,A3B7C4D13_hP54_147_g_c2g_dg_d4g:As-Cs-Cu-S,54,11,1
icsd-146785,AB3C10D2_mP32_11_e_ef_2e4f_f:Ba-Ge-O-Sc,32,10,1
icsd-149470,ABC2_hP8_194_a_c_f:Al-C-Ti,8,3,1
icsd-145003,AB3C_oP20_62_c_3c_c:Cs-I-Sn,20,5,1
icsd-129322,A3BC5D2_oC44_63_cf_c_c2f_f:Ag-Cs-Se-Y,44,7,1
icsd-148774,AB12C3_tP64_114_c_6e_3d:I-Se-Ta,64,10,1
icsd-126468,AB_cF8_225_a_b:N-Ti,8,2,1
icsd-138026,A8B3C4_oP30_55_g3h_ag_gh:Bi-Ca-Pd,30,8,1
icsd-145516,AB6C_mC32_15_e_3f_e:Ca-O-S,32,5,1
icsd-175909,A7B3C16_tP26_111_afn_be_2no:Ge-K-O,26,8,1
icsd-176626,A5BC2_tI32_140_cl_a_h:Cl-Cs-Pb,32,4,1
icsd-59221,A4BC_mC24_15_2f_e_e:O-Ta-Tb,24,4,1
icsd-48430,A2B3C6D_mP48_14_2e_3e_6e_e:B-Na-O-Yb,48,12,1
icsd-176276,A8B15CD2_oP104_62_2c3d_5c5d_c_d:Ba-Se-Sn-Zr,104,17,1
icsd_123825,AB4C4_cF72_227_a_e_e:Li-Mo-O,72,3,1
icsd_127535,AB3C9D2E5_oP160_31_4a_4a4b_8a14b_8a_4a8b:Ba-La-N-O-Si,160,54,1
icsd-119917,A4B4CD2_mP22_11_aef_2ef_e_be:Li-P-Si-Sr,22,9,1
icsd_125267,A3B3C12D2_cI160_230_d_c_h_a:Fe-Na-O-Te,160,4,1
icsd-146455,AB2C2_tI10_139_a_d_e:Ba-Mn-P,10,3,1
icsd-176149,A3B4_hR21_166_ac_2c:As-Sn,21,4,1
icsd_124476,AB2CD8_oP48_60_c_d_c_4d:La-Mo-N-O,48,7,1
icsd-175335,AB6C2D_cF40_225_a_e_c_b:Ag-Cl-Cs-In,40,4,1
icsd_116507,ABC2_hR12_166_a_b_c:Cr-Na-O,12,3,1
icsd-138319,A2B3_oP80_18_ab7c_2a2b10c:Al-O,80,23,1
icsd-147614,AB2C_hP8_194_c_f_b:F-I-La,8,3,1
icsd-175765,A6B2C_cF36_225_e_c_a:Cl-Cs-Pb,36,3,1
icsd-47946,A7B2_hR54_166_a2cdh_2c:Ni-Y,54,7,1
icsd-126612,A2B2C7D_tP24_113_e_e_cef_a:Be-Gd-O-Si,24,6,1
icsd-175620,A4B2CD12E2_mP84_14_4e_2e_e_12e_2e:B-Ba-Cd-O-Tb,84,21,1
icsd_115794,A2B_mP288_14_48e_24e:O-Si,288,72,1
icsd_124860,AB4C2D_hP216_144_9a_36a_18a_9a:C-H-N-Se,216,72,1
icsd-48830,A3B9C2D_mP60_11_4ef_10e4f_4e_ad:K-O-P-Ta,60,25,1
icsd-175159,A6B2CD_hR60_166_2h_2c_c_ab:Cl-Cs-Na-Rh,60,7,1
icsd-44540,A6B4C_hR66_167_f_ae_b:Br-Cs-Pb,66,4,1
icsd-138525,A2B11C4D2_tI304_122_2e_2d10e_4e_abce:Na-O-Te-Zn,304,22,1
icsd_127935,AB3CD_oP24_62_c_3c_c_c:Cu-Se-Sr-Tb,24,6,1
icsd_115517,AB4C4_cF72_227_a_e_e:Ag-Mo-O,72,3,1
icsd-44813,AB4_mC40_15_f_4f:Nb-S,40,5,1
icsd-144604,AB6C2_hP27_150_e_3g_adf:Mn-O-Sb,27,7,1
icsd-146639,ABC_mP12_14_e_e_e:Bi-O-Se,12,3,1
icsd-46984,A2B_cF12_225_c_a:Al-Cu,12,2,1
icsd-144741,A2B_mC24_12_4i_2i:O-V,24,6,1
icsd-149173,A6B2C_mP18_14_3e_e_a:I-K-Zr,18,5,1
icsd_127489,A22B8C8D_mP78_14_11e_4e_4e_a:O-Pb-S-Zn,78,20,1
icsd-176630,A5BC2_tI32_140_cl_a_h:Cl-Cs-Pb,32,4,1
icsd-138030,A2BC3D10E3F_mP80_14_2e_e_3e_10e_3e_e:F-Fe-H-O-P-Rb,80,20,1
icsd-145500,AB6C_mC32_15_e_3f_e:Ca-O-S,32,5,1
icsd-52181,ABC_hP18_190_bf_g_h:Au-In-Sc,18,4,1
icsd-145150,A3BC_tP10_127_bg_c_a:Cl-Cs-Eu,10,4,1
icsd-70859,A4B7C192D48_tP502_114_e_ace_48e_12e:As-K-O-W,502,64,1
icsd-47854,ABCD3_oP24_62_c_c_c_cd:B-Ba-Li-S,24,5,1
icsd_129213,A2B4C_oP28_62_ac_2cd_c:Fe-O-Si,28,6,1
icsd_124421,AB3C11D_mC64_15_c_ef_e5f_e:K-N-O-U,64,10,1
icsd-144595,A2B4C_oF224_70_2h_4h_abe:Ga-S-Sr,224,9,1
icsd-137812,A2BC3_hP6_191_c_a_g:Pd-Y-Zn,6,3,1
icsd-70361,AB2C6D_tP10_123_c_g_abi_d:Ba-Mn-O-Pr,10,6,1
icsd-137957,A6B4C3D_oF224_70_3h_2h_ch_d:H-N-Na-Pr,224,8,1
icsd-144829,A3B7C_hR33_160_b_a2b_a:Fe-O-P,33,5,1
icsd-148109,AB8CD2_oC48_37_a_4d_c_bc:Ca-O-Te-V,48,8,1
icsd-52210,A5BC4D_mP88_14_10e_2e_8e_2e:H-Na-O-S,88,22,1
icsd-128572,A6B2C_aP18_2_6i_2i_i:O-P-Sr,18,9,1
icsd-176722,AB6C2D_cF40_225_a_e_c_b:Bi-Cl-Cs-Na,40,4,1
icsd-146394,ABC3_oP20_62_c_a_cd:Dy-Mn-O,20,4,1
icsd_127431,A5B4_cF72_227_ae_e:Fe-O,72,3,1
icsd-129363,A8B3C2_hR39_166_ch_ac_c:O-Sr-V,39,5,1
icsd-138122,A14B7C90D6_hR351_148_c2f_af_15f_f:Au-Ba-F-H,351,21,1
icsd-148735,AB6C17D4_mC56_12_a_ij_d4i2j_2i:Ba-Ca-O-P,56,12,1
icsd-126429,A2B3_cI80_206_ad_e:Gd-O,80,3,1
icsd_137574,A12B5_tI34_87_hi_ah:Ni-P,34,4,1
icsd_57356,A4B8C_mC52_15_2f_4f_e:B-O-Te,52,7,1
icsd-54452,A5B3C10D_mP76_14_5e_3e_10e_e:B-K-O-Zn,76,19,1
icsd_127124,A_mC32_15_4f:C,32,4,1
icsd-149574,A3B2C8_hP26_186_c_2b_ab2c:Mo-Ni-O,26,7,1
icsd-176723,AB6C2D_cF40_225_a_e_c_b:Bi-Cl-Cs-Na,40,4,1
icsd-128573,A6B2C_aP18_2_6i_2i_i:O-P-Sr,18,9,1
icsd_127430,A5B4_cF72_227_ae_e:Fe-O,72,3,1
icsd-45757,A4BC12D3_mC80_9_4a_a_12a_3a:B-La-O-Sc,80,20,1
icsd_127963,A4B9C2D_mP64_14_4e_9e_2e_e:H-O-P-Ti,64,16,1
icsd-129362,A8B3C2_hR39_166_ch_ac_c:O-Sr-V,39,5,1
icsd-66934,A3BC_tP5_99_ac_b_a:O-Pb-Ti,5,4,1
icsd-126582,A2B3_hR30_167_c_e:Ga-O,30,2,1
icsd-48923,AB2CD6E2_aP24_2_i_2i_i_6i_2i:Cs-F-Fe-O-P,24,12,1
icsd_127125,A_mC32_15_4f:C,32,4,1
icsd-147992,A5B4C16D2_oP108_60_c2d_2cd_8d_d:Ge-Na-O-Sn,108,15,1
icsd-47855,ABCD3_mP24_14_e_e_e_3e:B-Ba-Na-S,24,6,1
icsd_129212,A2B4C_oP28_62_ac_2cd_c:Fe-O-Si,28,6,1
icsd_124420,AB3CD11_hR96_167_b_e_a_cef:Cs-N-Np-O,96,6,1
icsd-144594,AB4CD_oC28_40_b_2bc_b_a:Cd-S-Si-Sr,28,6,1
icsd-137813,AB2C3_hP6_191_a_c_g:Nd-Pd-Zn,6,3,1
icsd-137956,AB6C4D3_oF224_70_c_3h_2h_dh:Ce-H-N-Na,224,8,1
icsd-70360,AB2C6D_tP10_123_c_g_abi_d:Ba-Mn-O-Pr,10,6,1
icsd-144828,A3B7C_hR33_160_b_a2b_a:Fe-O-P,33,5,1
icsd-148108,AB17C4D3_oP100_19_a_17a_4a_3a:Ba-O-Ta-Te,100,25,1
icsd-126644,A3BC4DE5F_aP60_2_6i_2i_8i_2i_10i_2i:Br-C-H-Li-O-S,60,30,1
icsd-147183,AB_oP8_62_c_c:B-Mn,8,2,1
icsd-175158,A9B3C2_hP28_194_hk_bf_f:Br-Cs-Rh,28,5,1
icsd_127934,ABC3D_oC24_63_c_a_cf_c:Cu-Lu-Se-Sr,24,5,1
icsd-146792,AB_hP4_186_b_b:O-Zn,4,2,1
icsd-83036,ABCD2E_hR108_148_f_f_f_2f_f:H-K-N-O-P,108,6,1
icsd-174749,A8B2C16DE_mC112_15_4f_f_8f_e_e:B-K-O-P-Rb,112,15,1
icsd-146638,ABC_mP12_14_e_e_e:Bi-O-S,12,3,1
icsd-145917,A3B11C2D_aP34_2_3i_11i_2i_i:Cu-O-S-Te,34,17,1
icsd-46985,A6B_oC28_36_2a2b_a:Al-Fe,28,5,1
icsd-48427,A2BC3D6_mP48_14_2e_e_3e_6e:B-Ho-Na-O,48,12,1
icsd-176631,A5BC2_tI32_140_cl_a_h:Cl-Cs-Pb,32,4,1
icsd-149172,A6B2C_tP18_128_eh_d_a:I-Rb-Zr,18,4,1
icsd-145501,AB6C_mC32_15_e_3f_e:Ca-O-S,32,5,1
icsd_123131,A5B3_mC32_12_5i_3i:O-Ti,32,8,1
icsd_124477,A2BC8D_mP24_13_g_e_4g_f:Mo-N-O-Tb,24,7,1
icsd-145782,A7B14C3D10E2F4_mP80_11_3e2f_2e6f_ef_5f_f_2ef:F-H-N-O-P-V,80,24,1
icsd-126613,A2B7CD2_tP24_113_e_cef_a_e:Be-O-Si-Tb,24,6,1
icsd-144613,ABC6D2_mP20_14_a_d_3e_e:Ir-Ni-O-Pr,20,6,1
icsd-176332,AB3C_cP5_221_a_c_b:Ba-O-Zr,5,3,1
icsd-139289,A6BC6D2_hP60_194_l_f_jk_ah:H-K-O-Te,60,6,1
icsd-129323,AB3C5D2_oC44_63_c_cf_c2f_f:Cs-Cu-Se-Y,44,7,1
icsd-145452,ABCD4_hR42_148_c_c_c_cf:As-K-Ni-O,42,5,1
icsd-147480,A7B2C2_cF88_227_af_d_c:O-Sn-Tm,88,4,1
icsd-177036,AB2C_hP8_194_a_f_c:C-Hf-S,8,3,1
icsd-126469,AB_cF8_225_a_b:N-Ti,8,2,1
icsd_124748,A2BCD4_oP16_31_b_a_a_2ab:Cu-Ge-Mn-S,16,6,1
icsd-128924,A_hR3_166_a:Bi,3,1,1
icsd-52196,A5BC4D_mP88_14_10e_2e_8e_2e:H-Na-O-S,88,22,1
icsd-176627,A5BC2_tI32_140_cl_a_h:Cl-Cs-Pb,32,4,1
icsd-59220,AB4C_mC24_15_e_2f_e:Gd-O-Ta,24,4,1
icsd-139266,AB12C2D5_oP160_61_c_12c_2c_5c:Co-O-Rb-Si,160,20,1
icsd-48431,A2B3C6D_oP48_62_2c_cd_4cd_c:B-K-O-Tb,48,10,1
icsd-175772,A6B2C_cF36_225_e_c_a:Cl-Cs-Te,36,3,1
icsd-145794,A15B3C17D4E4_hP86_173_5c_c_ab5c_bc_bc:H-N-O-P-Zn,86,17,1
icsd-175322,A2B2CD2E2_tI18_139_d_c_a_e_e:F-Fe-O-S-Sr,18,5,1
icsd_116510,ABC2_oP16_33_a_a_2a:Al-Na-O,16,4,1
icsd_124461,ABCD18E6F3_cP120_198_a_a_a_6b_2b_b:C-Cl-Co-H-N-O,120,12,1
icsd-70634,ABC_hP6_186_b_b_a:Au-Ge-Tb,6,3,1
icsd_59021,A2B4CD_tI16_82_ac_g_b_d:Na-S-Sn-Zn,16,5,1
icsd-48348,AB7C12_cI40_204_a_bc_g:Ca-Mn-O,40,4,1
icsd-48718,A6B2C_hP27_150_3g_ef_ad:F-Fe-Li,27,7,1
icsd_94858,AB3CD9E2_oP64_62_c_a2c_c_5c2d_2c:Cl-Cu-K-O-S,64,14,1
icsd-146157,AB10C2DE2_aP32_2_i_10i_2i_ag_bci:Br-F-O-Sb-Xe,32,18,1
icsd_128157,AB2_oC48_20_2c_ab3c:In-Na,48,7,1
icsd_115629,A2B5C_mP32_14_2e_5e_e:C-O-Sr,32,8,1
icsd-70321,A3B_tP16_136_cj_f:Ga-Ru,16,3,1
icsd-162058,A5B3C12_cI160_230_ad_c_h:Al-Lu-O,160,4,1
icsd-149308,A6BC8D6E4F_oC104_63_fh_a_2fh_fh_fg_c:C-Co-H-N-O-Tb,104,11,1
icsd-61863,A3B5_oC32_63_cf_c2f:Mo-N,32,5,1
icsd_126519,A3B3C_oP28_62_3c_3c_c:As-Ca-In,28,7,1
icsd_137308,AB12C2_aP30_2_i_12i_2i:Co-F-Sb,30,15,1
icsd-49298,A2BC8D2_mP52_14_2e_e_8e_2e:As-Ba-O-Zn,52,13,1
icsd-175549,A3B_hP8_194_h_c:Ni-Sn,8,2,1
icsd-177574,A4BC_tI24_88_f_a_b:O-Pb-W,24,3,1
icsd-147438,AB3_tI32_139_de_im:Er-Si,32,4,1
icsd-49332,ABC4D_mP28_14_e_e_4e_e:Na-P-S-Sr,28,7,1
icsd_127426,A2B_hP9_152_c_a:O-Si,9,2,1
icsd-149076,A3B5C2_tP20_127_ag_bi_h:C-Ni-Sm,20,5,1
icsd-38621,ABC3_cP5_221_b_a_c:Al-La-O,5,3,1
icsd-176735,A12B4C3D16E3_aP38_1_12a_4a_3a_16a_3a:H-Mo-N-O-P,38,38,1
icsd-174708,AB4CD12_mP36_4_a_4a_a_12a:Ga-I-Na-O,36,18,1
icsd_127076,A_oP16_53_ehi:C,16,3,1
icsd-78195,A2B12C4D4E_tP46_114_d_3e_e_e_a:Ag-H-N-O-S,46,7,1
icsd_61623,A7BC4_oP96_55_ef2g2h4i_gh_2g2h2i:Na-Rb-Tl,96,18,1
icsd-149099,A3B2_cI80_206_e_ad:O-Tb,80,3,1
icsd-149563,A2B_hP3_191_c_b:B-Zr,3,2,1
icsd_127099,A_oP32_61_4c:C,32,4,1
icsd_127133,A_mP16_13_4g:C,16,4,1
icsd_61273,A2B10C2D_oP30_58_g_g2h_g_a:Cl-F-O-Pd,30,6,1
icsd-149133,ABC2_cF16_216_a_c_bd:Ga-Mn-V,16,4,1
icsd-176670,AB4C2_mP28_4_2a_8a_4a:Ge-N-P,28,14,1
icsd_57341,A2BC13D3_oP76_62_d_c_3c5d_cd:B-Cd-O-S,76,12,1
icsd-148688,AB_cF8_225_a_b:Eu-O,8,2,1
icsd-128973,A3B2C9_oP56_62_a2c_2c_5c2d:Cu-Mo-O,56,12,1
icsd-177431,AB4C_tI24_88_a_f_b:Cs-O-Re,24,3,1
icsd-129231,A2BC6DE_mP22_11_2e_e_2e2f_e_e:B-K-O-Sr-Y,22,9,1
icsd_115941,AB4_mC20_15_e_2f:C-F,20,3,1
icsd_125227,A6BCD4E2F6G2_oP88_62_3d_c_a_2cd_d_3d_2c:C-Ca-Fe-H-K-N-O,88,14,1
icsd-144428,A4BC_oP24_62_2cd_c_c:O-P-V,24,5,1
icsd-139118,ABC2_mP16_14_e_e_2e:B-Li-O,16,4,1
icsd-137805,ABC4D2_tP32_90_ac_bc_2g_g:Cl-Ho-O-Sb,32,7,1
icsd_124965,A2B9C18DE8_hP76_165_d_fg_3g_b_dg:Br-C-N-O-Pr,76,9,1
icsd_124436,A6B2CD11_aP40_2_6i_2i_bc_11i:H-N-Np-O,40,21,1
icsd_129204,ABCD2E4_oP72_60_d_2c_d_2d_4d:As-F-Mg-Na-O,72,10,1
icsd-177348,A3BC_oP20_62_cd_c_a:Br-Cs-Sn,20,4,1
icsd-138359,AB2C4D_oP32_33_a_2a_4a_a:Hg-Li-Se-Sn,32,8,1
icsd-46301,A2B4CD2E2F2_mP52_14_2e_4e_ad_2e_2e_2e:C-H-Mn-N-O-S,52,14,1
icsd_116117,A8B2CD_mP24_13_4g_g_e_f:F-H-N-Sb,24,7,1
icsd-145686,ABC4D_oP28_62_c_c_2cd_c:Ca-K-O-P,28,6,1
icsd-144994,AB3C_oP20_62_c_3c_c:Cs-I-Sn,20,5,1
icsd_57087,A2BC2_tI10_139_d_a_e:Cu-Nd-Si,10,3,1
icsd_124573,A3B9C_hP26_173_c_3c_b:I-O-Sc,26,5,1
icsd-174972,A2B8C4D_oP60_29_2a_8a_4a_a:F-H-O-Zn,60,15,1
icsd-53945,A6B2CD_tI20_139_eh_d_a_b:Cl-Cs-Cu-Hg,20,5,1
icsd-45038,A3B3CDE4_oP96_60_3d_3d_2c_d_4d:B-F-K-Na-O,96,13,1
icsd-70376,AB19C7_hP54_188_a_ghk2l_cl:Dy-O-Ta,54,8,1
icsd_124820,AB6C_hR24_148_a_f_b:Br-F-K,24,3,1
icsd-70531,A5B12C3_cI160_230_ad_h_c:Fe-O-Y,160,4,1
icsd_127148,ABC_mP24_14_2e_2e_2e:Cr-P-Ta,24,6,1
icsd_139156,A2B_tP6_136_f_a:O-Si,6,2,1
icsd-147506,ABC3_hR30_161_a_a_b:Bi-Fe-O,30,3,1
icsd-137604,A4B_tI10_139_de_a:Al-Eu,10,3,1
icsd_129156,A3B12C5D3E15_hP38_189_2f_3j3k_d2f_2f_2f3j3k:C-H-Lu-N-O,38,21,1
icsd_57290,AB7C5D_mP112_14_2e_14e_10e_2e:Cr-F-N-Si,112,28,1
icsd_57785,A3BC_oP20_62_cd_c_a:O-Sr-Zr,20,4,1
icsd-137741,ABC4DE_mP32_14_e_e_4e_e_e:Cs-I-O-S-Zn,32,8,1
icsd-175162,A9B3C2_hP28_194_hk_bf_f:Br-Rb-Rh,28,5,1
icsd-145887,A10B17C2_oP58_26_5c_2a3b6c_ab:B-O-Zn,58,18,1
icsd_117511,ABC3_oP20_62_a_c_cd:Al-Gd-O,20,4,1
icsd_63720,A4B2CD_tI64_122_2e_e_c_d:F-H-O-Zr,64,5,1
icsd_115486,A2B4C13D3E_mC92_15_f_2f_e6f_ef_c:Ca-H-O-P-Ti,92,13,1
icsd-147910,A6B2C_cF36_225_e_c_a:Cl-Cs-W,36,3,1
icsd-146602,AB6CD2_mP20_14_a_3e_d_e:Nd-O-Sb-Sr,20,6,1
icsd-45690,ABC3_hR30_167_a_b_e:B-Fe-O,30,3,1
icsd-119490,A6B52CD6_aP65_2_3i_26i_a_3i:Na-O-Sb-W,65,33,1
icsd_137324,ABC5D12E2F2_mP92_14_e_e_5e_12e_2e_2e:Cu-F-H-O-S-Yb,92,23,1
icsd-45940,A2B4C_cF56_227_c_e_b:Ga-O-Zn,56,3,1
icsd_61967,A6B12C2DE2_hP23_162_2k_4k_c_a_d:C-N-Na-Ni-Sn,23,9,1
icsd-176934,A3BC_oP20_62_cd_c_a:O-Pr-Ru,20,4,1
icsd_136866,AB16C3_mP80_14_e_16e_3e:Lu-O-Re,80,20,1
icsd_115605,AB7C2D_mP44_14_e_7e_2e_e:Mg-O-P-Sr,44,11,1
icsd_128481,ABC6D2E2_tP48_136_d_c_efk_fg_j:Eu-F-O-Rb-Si,48,8,1
icsd_128194,A2B_mP12_14_2e_e:O-Zr,12,3,1
icsd-176522,A3BC4D_tI144_88_3f_f_4f_f:Li-Na-O-Si,144,9,1
icsd-70248,A2BC_tP4_99_c_a_b:O-Pb-Ti,4,3,1
icsd_89315,A3B4C9D2_oC72_36_ab_2b_3a3b_2a:Cu-H-O-Te,72,12,1
icsd-48364,A2B4CD2_oP36_29_2a_4a_a_2a:Bi-F-Ni-O,36,9,1
icsd-59575,AB4C_mP12_13_e_2g_f:Lu-O-Ta,12,4,1
icsd-129163,A4B4C14D2E_mC200_15_2e3f_4f_14f_2f_f:Br-C-H-N-Sn,200,26,1
icsd-144900,A6B2C7DE2_mP72_14_6e_2e_7e_e_2e:H-N-O-Pb-S,72,18,1
icsd-147101,ABC2D5_tP18_127_b_c_g_ak:Ba-Cu-Eu-O,18,5,1
icsd-174661,A4BCD8E2F2_mP36_4_4a_a_a_8a_2a_2a:H-K-N-O-P-Zn,36,18,1
icsd_86234,A3BC_tP5_99_ac_b_a:O-Pb-Ti,5,4,1
icsd_128340,AB4C_hP108_176_hi_2h5i_hi:Al-O-P,108,11,1
icsd_125572,A4B9C2_mP120_14_8e_18e_4e:Ba-O-Ta,120,30,1
icsd-126941,A2B4C_cF56_227_c_e_b:Fe-O-Zn,56,3,1
icsd_125437,AB2C2_tI40_141_c_h_h:Ce-O-Si,40,3,1
icsd-46842,AB4C_mC24_15_e_2f_e:Gd-O-Ta,24,4,1
icsd-145079,A2BC2D8E2_mP60_14_2e_e_2e_8e_2e:B-Ba-F-O-P,60,15,1
icsd_115828,A2B8C12D6E_mC116_15_f_4f_6f_3f_e:Cd-F-H-O-Zr,116,15,1
icsd-147414,A3B12C4D2EF_aP46_2_3i_12i_4i_2i_i_i:F-H-N-O-Tl-U,46,23,1
icsd-145429,AB3C6_cF40_225_a_bc_e:Al-Cs-F,40,4,1
icsd-175565,A4BC15D3E3_hP52_173_ac_b_5c_c_c:B-Bi-O-Sr-Y,52,10,1
icsd_61463,A6B16C5_oP108_62_3d_4c6d_3cd:Mn-O-Te,108,17,1
icsd_127723,AB14C14D2_aP31_2_a_7i_7i_i:Cu-H-O-Se,31,16,1
icsd-149689,A3B4_cF56_227_ad_e:Co-O,56,3,1
icsd-46792,AB4C_tI24_141_a_h_b:Lu-O-P,24,3,1
icsd_123330,ABC6D2_cF40_225_a_b_e_c:Mo-Ni-O-Pb,40,4,1
icsd-129421,A6BC3D13E_oP96_33_6a_a_3a_13a_a:B-Cd-H-O-Sm,96,24,1
icsd-148098,A4B4CD4E2_aP15_2_2i_2i_a_2i_i:Cl-H-Np-O-Rb,15,8,1
icsd-126384,A2B5C_tI32_140_h_cl_a:B-Mn-Si,32,4,1
icsd-148077,A2BC2DE6_tP24_113_e_a_e_c_ef:Eu-Fe-Ge-O-S,24,6,1
icsd-145645,A2B6C_cP36_205_c_d_a:N-O-Ra,36,3,1
icsd-147678,AB3C_oP20_62_c_3c_c:Pb-S-Sn,20,5,1
icsd-144957,AB4C6DE2_aP14_2_a_2i_3i_b_i:Cl-H-O-Rb-Se,14,8,1
icsd_122937,ABC6D2_cF40_225_a_b_e_c:Ag-Bi-Cl-Cs,40,4,1
icsd-49488,AB_oP8_62_c_c:Se-Sn,8,2,1
icsd-43085,A13B2C_oI64_74_e2h2j_h_e:B-C-Na,64,7,1
icsd-45852,AB5CD15_oP88_33_a_5a_a_15a:Cu-I-Nd-O,88,22,1
icsd-46287,A2B4C_aP28_2_4i_8i_2i:Li-O-W,28,14,1
icsd_116091,AB_cP64_198_2a2b_2a2b:As-N,64,8,1
icsd-149666,AB2C3_hP12_194_c_ad_h:C-Na-O,12,4,1
icsd-137983,A2B23C27D5_aP114_2_2i_23i_27i_5i:Al-H-O-V,114,57,1
icsd-176575,A3B3C2D8E_oP68_62_cd_cd_d_2c3d_c:Ba-Ge-O-S-Zn,68,11,1
icsd_139228,ABCD3_oC24_63_c_c_a_cf:Cu-Eu-Sc-Se,24,5,1
icsd-49871,ABC4D_oP56_62_2c_2c_2c3d_2c:Ba-Fe-O-Tm,56,11,1
icsd-126957,A6B2CD_tP10_99_2a2c_2b_a_a:O-Sr-Ti-Zr,10,8,1
icsd-149559,A2BC6D_mP20_14_e_a_3e_d:Ho-Mg-O-Ti,20,6,1
icsd-70570,A3BC3D_hR48_166_h_ab_h_c:C-Fe-N-Na,48,5,1
icsd-145983,AB2C6D2E_mP48_14_e_2e_6e_2e_e:Ca-H-O-P-Zn,48,12,1
icsd_127109,A_mP16_14_4e:C,16,4,1
icsd-145080,A3BC7D3_oP56_33_3a_a_7a_3a:B-Cl-O-Sn,56,14,1
icsd-126404,AB6C2D_cF40_225_a_e_c_b:Bi-Cl-Cs-Na,40,4,1
icsd_60458,A2B_cP12_205_c_a:N-P,12,2,1
icsd_124725,A7B10C54_oI142_71_afn_hlm_egi2l2m2n3o:Ga-Mn-Sc,142,18,1
icsd-147402,ABCD4_oP28_33_a_a_a_4a:Ca-Ga-La-O,28,7,1
icsd_115994,A3B2C5D2_tI24_139_ae_e_bg_e:Ba-Cl-O-Y,24,6,1
icsd-46854,ABCD4_hP168_173_4c_4c_a2b3c_16c:Al-Ge-K-O,168,30,1
icsd-175820,A2B_oI12_71_eg_f:Te-U,12,3,1
icsd-67173,AB6C6DE12_hR78_166_a_h_h_b_2h:Cl-Cs-Ga-Na-S,78,6,1
icsd_126574,A3BC2D8_mC56_15_ef_e_f_4f:Ag-Lu-P-S,56,8,1
icsd-126668,A2B36C12D5E2_aP114_2_2i_36i_12i_5i_2i:Cl-H-N-O-U,114,57,1
icsd-46784,A4BC6D_mC48_15_2f_e_3f_e:H-Lu-O-P,48,7,1
icsd-138226,AB3C_oP20_62_a_cd_c:Cr-O-Yb,20,4,1
icsd-48630,ABC3D_oC24_63_c_c_cf_a:Cu-K-S-Th,24,5,1
icsd-149735,AB7C4_oP48_19_a_7a_4a:Li-N-P,48,12,1
icsd-139122,ABC2_mP16_14_e_e_2e:B-Li-O,16,4,1
icsd-176133,A2B_mP12_14_2e_e:O-Zr,12,3,1
icsd-43093,A2B_mP12_14_2e_e:O-Zr,12,3,1
icsd-138363,AB4C2_cF56_227_a_e_d:Mn-N-Ta,56,3,1
icsd-48958,A8BC6_tI30_82_2g_a_fg:O-Si-Sn,30,5,1
icsd_58870,A8B2C4D4E_mC76_15_4f_ae_2f_2f_e:H-Na-O-S-W,76,11,1
icsd-70527,A2B8C3_tP26_100_c_abcd_ac:K-O-V,26,7,1
icsd-144629,AB4C_tI24_88_a_f_b:Bi-O-V,24,3,1
icsd-139319,A5BC2_mP32_14_5e_e_2e:O-Si-Sm,32,8,1
icsd-64421,A_cI2_229_a:Mg,2,1,1
icsd-144783,A2B13C6_mC42_12_i_a6i_3i:Na-O-Ti,42,11,1
icsd_127918,AB2C9D2_mP28_11_e_ae_5e2f_2e:Ca-Fe-O-P,28,12,1
icsd_124267,AB2C2_mC20_12_i_2i_2i:K-Ni-Se,20,5,1
icsd_56881,A2B3_oP20_60_d_cd:Ir-S,20,3,1
icsd-175524,A6BC2_cF36_225_e_a_c:I-Pt-Rb,36,3,1
icsd-48237,A2B2C_hP5_164_d_d_a:Gd-O-S,5,3,1
icsd-149762,A2B4C_cF56_227_c_e_b:Fe-O-Zn,56,3,1
icsd-144500,AB2C8D2_aP26_2_ac_2i_8i_2i:Cu-H-O-S,26,14,1
icsd-45055,A2B4C7D_mP28_4_2a_4a_7a_a:C-H-O-Zn,28,14,1
icsd-200758,A3B16C7_hP156_176_bfi_2h7i_acefh2i:Bi-Br-K,156,19,1
icsd-176888,A8B2C2D_oP52_18_ab7c_2c_2c_c:O-P-Rb-Te,52,14,1
icsd-175318,ABC3_mC40_12_2i_adi_2i2j:Ba-Fe-O,40,9,1
icsd_128881,A4BC7_mC48_15_2f_e_e3f:Al-Ca-O,48,7,1
icsd_128478,ABC6D2E2_tP48_136_d_c_efk_fg_j:Dy-F-O-Rb-Si,48,8,1
icsd-144445,A2B6C2D_oC44_20_c_ab2c_c_a:Ge-O-Rb-Zn,44,7,1
icsd-49847,AB3C_cP5_221_b_c_a:Hf-O-Sr,5,3,1
icsd-144432,A4BC_oP24_62_2cd_c_c:O-P-V,24,5,1
icsd-139102,ABC2_mP16_14_e_e_2e:B-Li-O,16,4,1
icsd-48305,AB3C3D_mP16_11_e_3e_3e_e:Br-I-Pb-S,16,8,1
icsd-70383,A2B_tP6_136_f_a:H-Mg,6,2,1
icsd-175695,ABC8D3_mP52_14_e_e_8e_3e:Ga-H-O-Se,52,13,1
icsd-145366,AB2C2_tI10_139_a_d_e:Er-Pd-Si,10,3,1
icsd-129417,A6BCD3E13_oP96_33_6a_a_a_3a_13a:B-Cd-Gd-H-O,96,24,1
icsd-160881,A3B5_hP16_193_g_dg:Ge-Mn,16,3,1
icsd-175380,A2B4CDE_mP18_11_f_2ef_e_e_e:F-O-Rb-S-Y,18,7,1
icsd-144824,A5B_hP6_191_cg_a:Ni-Tm,6,3,1
icsd_127715,A4B18CD19E_mP172_14_4e_18e_e_19e_e:Al-H-Ni-O-S,172,43,1
icsd-81953,ABC3_hR30_161_a_a_b:Bi-Fe-O,30,3,1
icsd_116731,A3B_cF16_225_ac_b:H-Yb,16,3,1
icsd-128986,A3BC9D_oP56_62_a2c_c_5c2d_c:Cu-Mo-O-S,56,12,1
icsd-70415,A2B4C_mP28_4_4a_8a_2a:Al-O-Sr,28,14,1
icsd-126832,ABCD4_oP28_62_a_c_c_2cd:Ca-Ga-Gd-O,28,6,1
icsd-175800,ABC3_hR30_167_a_b_e:B-Fe-O,30,3,1
icsd-147971,A2B2C2D3_mC36_12_j_2i_j_egi:Al-Cs-F-O,36,7,1
icsd-149596,AB3C9D2_mP60_14_e_3e_9e_2e:Ca-Fe-O-Si,60,15,1
icsd-64143,A8BC4_mP52_14_8e_e_4e:Ge-Ru-U,52,13,1
icsd_127083,A_oP12_17_3e:C,12,3,1
icsd-46931,A2B3C16D4_mP50_14_e_ae_8e_2e:Cs-Ni-O-S,50,13,1
icsd_127129,A_oP16_18_4c:C,16,4,1
icsd-149129,ABC2_cF16_216_a_c_bd:Fe-Ga-V,16,4,1
icsd-48885,A3B7C_oC44_63_ag_cgh_b:La-O-Sb,44,6,1
icsd-70803,A2BCD4_tI32_140_h_c_a_l:B-Cr-Si-W,32,4,1
icsd-176847,A2BC4_tI28_141_c_b_h:Cu-Ge-O,28,3,1
icsd_136915,AB2C4_mP14_11_e_ae_2ef:Ca-Cr-O,14,6,1
icsd-138314,A4BC6D_mP24_13_2g_e_3g_e:H-Lu-O-P,24,7,1
icsd-177305,A2BCD6E2_tP24_113_e_a_c_ef_e:Ge-Hg-O-S-Sr,24,6,1
icsd-175338,A5BC3_mC72_15_5f_ce_3f:Cl-In-Rb,72,10,1
icsd_122956,ABC4_mC48_12_gi_hi_2i3j:Mg-Mo-O,48,9,1
icsd-200797,A2B7C2_cF88_227_c_af_d:Eu-O-Ti,88,4,1
icsd-176144,A2B_mP12_14_2e_e:O-Zr,12,3,1
icsd_115776,AB2C5D_oP72_60_d_2cd_5d_2c:Fe-Li-O-Sb,72,11,1
icsd-148915,A3B_tP16_136_cj_f:Ga-Ir,16,3,1
icsd_125285,A16B3C22D5_oP184_58_8h_3g_e7g7h_f2gh:H-Li-O-V,184,30,1
icsd-54664,A3B2C12D3_cI160_230_d_a_h_c:Ga-In-O-Y,160,4,1
icsd-176451,A6B9C3D_oP76_19_6a_9a_3a_a:H-O-P-Sc,76,19,1
icsd-144873,ABC3_oP20_62_c_a_cd:Cd-Mn-O,20,4,1
icsd-38816,ABC3_oP20_62_c_a_cd:Er-Fe-O,20,4,1
icsd-145331,ABC2_hR12_166_a_b_c:Ce-Rb-Te,12,3,1
icsd-129010,A2BC3D8_mP28_4_2a_a_3a_8a:As-Ce-Cs-S,28,14,1
icsd-144609,AB2C6D_mP20_14_a_e_3e_d:Ca-La-O-Sn,20,6,1
icsd-146634,A11B2C5D18_aP72_2_11i_2i_5i_18i:B-F-K-O,72,36,1
icsd-146264,ABCDE2_oP72_19_3a_3a_3a_3a_6a:B-Cl-Cs-H-O,72,18,1
icsd-149191,AB2CDE6_mP44_14_e_2e_e_e_6e:Al-B-Ba-Li-O,44,11,1
icsd_127191,A5B3C2_tP40_128_egh_dh_h:Ge-Ru-Sm,40,6,1
icsd-139293,AB2C_oC16_63_c_f_c:Ba-Mg-Pd,16,3,1
icsd-176328,AB3C_cP5_221_a_c_b:Ba-O-Sn,5,3,1
icsd-126536,A6B15C4DE2_hP168_173_6c_15c_4c_c_2c:C-F-H-In-O,168,28,1
icsd_127938,AB3CD_oC24_63_c_cf_c_a:Cu-Se-Sr-Tm,24,5,1
icsd-48997,A5BC2_tI32_140_cl_a_h:Br-Cs-Pb,32,4,1
icsd-70911,AB4_cF40_227_a_e:Al-Ca,40,2,1
icsd_116336,A5B2_hP14_194_cef_f:B-W,14,4,1
icsd-175011,AB6C_mP32_14_e_6e_e:B-H-N,32,8,1
icsd-148295,AB3CD7_oP48_62_c_3c_c_3c2d:B-Ba-P-S,48,10,1
icsd_124302,ABCDE4F_mP72_14_2e_2e_2e_2e_8e_2e:Be-F-H-K-O-P,72,18,1
icsd-70157,AB2_oP6_58_a_g:Cr-Sb,6,2,1
icsd_139160,A2B_tP6_136_f_a:O-Si,6,2,1
icsd-174250,AB3C_oP20_62_a_cd_c:Ni-O-Pr,20,4,1
icsd-70792,A2B5C_mP32_14_2e_5e_e:Gd-O-Si,32,8,1
icsd-139143,A5BC3_hP9_191_ah_b_f:Bi-Rb-Ti,9,4,1
icsd-144473,A2B_tI12_140_h_a:N-V,12,2,1
icsd-149241,AB2C4_cF112_227_c_e_df:C-Ni-Ti,112,4,1
icsd-149611,A2BC2_mC20_15_f_e_f:As-Ba-Ni,20,3,1
icsd-70638,ABC_hP6_186_b_b_a:Au-Ge-Tm,6,3,1
icsd-176152,AB8C4_oI26_44_a_2c2d_cd:Ge-S-V,26,7,1
icsd-138302,A4B20CD8E14F2_mP98_14_2e_10e_a_4e_7e_e:C-H-Mg-N-O-Re,98,25,1
icsd-148000,AB2CD9_hP117_152_bc_3c_ac_a13c:Ce-I-N-O,117,21,1
icsd-176851,A2BC4_tI28_141_c_b_h:Cu-Ge-O,28,3,1
icsd-129006,A2BC_oP48_55_2g2hi_ei_gi:Ge-Ru-Sc,48,9,1
icsd-148515,A2B6CDE3_mP52_14_2e_6e_e_e_3e:Ba-F-Ga-I-O,52,13,1
icsd_137304,AB12C2_aP15_2_a_6i_i:Cu-F-Sb,15,8,1
icsd-175791,ABC3_hR30_167_a_b_e:B-Fe-O,30,3,1
icsd-145327,ABC2_hR12_166_a_b_c:Ce-Rb-S,12,3,1
icsd-177606,A2B2C2D7E2_oP60_60_d_d_ac_c3d_d:F-K-Mg-O-P,60,9,1
icsd-176914,ABC_oI12_74_a_e_c:Co-La-Ru,12,3,1
icsd-146858,ABC3D2_mP14_4_a_a_3a_2a:Cr-Li-N-Sr,14,7,1
icsd-137761,A2B7C3_mP48_14_2e_7e_3e:Rb-S-Sb,48,12,1
icsd-148796,ABC2_hP4_164_a_b_d:Cr-Li-Se,4,3,1
icsd_88748,A2BCDE2_oC56_63_eg_f_ac_f_eg:Cl-H-Li-O-Sr,56,8,1
icsd-139285,AB12C3D_hP34_176_b_2hi_h_c:Na-O-Re-Sr,34,6,1
icsd_128272,A2B4C_oP28_62_ac_2cd_c:Mn-O-Si,28,6,1
icsd-146788,A2BC4D_tI32_140_h_a_l_c:B-Si-Ta-V,32,4,1
icsd_127187,A5B3C2_tP40_128_egh_dh_h:Ge-Ru-Sm,40,6,1
icsd_125440,AB2C2_tI40_141_c_h_h:Ce-O-Si,40,3,1
icsd-39968,AB2C5D_mC36_15_c_f_e2f_e:Co-H-O-S,36,6,1
icsd-64417,A3B8_aP22_2_3i_8i:C-S,22,11,1
icsd-176294,A2B2CD3_oC32_66_l_l_e_ag:F-La-Ni-O,32,5,1
icsd-432983,A2BC7D2_oP216_18_9c_a4c_b31c_9c:Ca-Co-O-Si,216,55,1
icsd-174246,AB3C_oP20_62_a_cd_c:Ni-O-Pr,20,4,1
icsd-201313,AB2_hP6_194_b_f:Nb-Se,6,2,1
icsd_128337,A2B7C2_hP66_175_2j_7j_2j:Al-O-P,66,11,1
icsd_139176,A2B_oP6_58_g_a:O-Si,6,2,1
icsd_123982,AB3C12D3_aP38_2_i_3i_12i_3i:Bi-H-O-S,38,19,1
icsd-149168,A2BC6_cF36_225_c_a_e:Cs-Hf-I,36,3,1
icsd_127492,A2BC4_aP14_2_2i_i_4i:H-Mo-O,14,7,1
icsd-177190,ABCD4E_oP32_19_a_a_a_4a_a:F-K-Mn-O-P,32,8,1
icsd-110804,A2B2C10D3_aP34_2_2i_adi_10i_3i:K-Mn-O-Se,34,18,1
icsd-126465,AB_cF8_225_a_b:N-Ti,8,2,1
icsd-147658,A2BC6D_cF40_225_c_a_e_b:Cs-Gd-I-Na,40,4,1
icsd-200386,A20B4C_tI50_82_5g_g_a:Cl-Te-Ti,50,7,1
icsd-147208,ABC7D24E5F_tP156_130_c_a_cdg_6g_bg_c:Cl-Cs-Cu-O-S-Te,156,14,1
icsd-145235,A2B2C2DE2_tI18_139_e_e_d_a_c:Bi-Eu-F-O-Ti,18,5,1
icsd-70395,AB2_hP24_194_ef_fgh:Mg-Ni,24,5,1
icsd-137809,ABC4D2_tP32_90_ac_bc_2g_g:Cl-Lu-O-Sb,32,7,1
icsd-176555,A4B5C14D3_aP52_2_4i_5i_14i_3i:Be-H-O-P,52,26,1
icsd-139114,ABC2_mP16_14_e_e_2e:B-Li-O,16,4,1
icsd-82955,ABCD2E_hR108_148_f_f_f_2f_f:H-K-N-O-P,108,6,1
icsd_61443,AB2C14D2E_mP40_14_a_e_7e_e_c:Au-Cl-F-O-Sb,40,11,1
icsd-201128,A2BC3_hP24_194_bh_f_k:Dy-Ir-Si,24,4,1
icsd-145720,AB2C_hP8_194_a_f_c:C-Cr-Ga,8,3,1
icsd-175396,A3B2C7_tP24_123_g2h_adg_ef2ghi:La-Ni-O,24,12,1
icsd-200739,A3B2C3D14_oP88_62_cd_2c_3c_8c3d:Co-K-Mo-O,88,18,1
icsd-46248,AB4C3DE3_oP24_31_a_2ab_ab_a_ab:C-O-Se-Sn-Sr,24,9,1
icsd-176943,A5B12C2_mC38_12_a2i_2i2j_h:Ho-O-Ru,38,8,1
icsd-145370,AB9C4_oP28_59_a_b4e_2e:Ba-O-Ti,28,8,1
icsd_87393,A12BC3D2_hP36_186_4c_b_c_ab:O-Rb-Sb-Te,36,8,1
icsd-146675,A3BC8D2_mC56_15_ef_e_4f_f:Ce-I-Se-Si,56,8,1
icsd-200943,ABC3D_oC24_63_c_c_cf_a:Ba-Cu-Se-Sm,24,5,1
icsd-175816,A2B_oI12_71_eg_f:Te-U,12,3,1
icsd-174704,A4B8C16D_tP58_86_g_2g_4g_a:B-Cd-O-Si,58,8,1
icsd-128569,A8B2C13_mC92_15_2e3f_f_c6f:Ba-Hf-Se,92,13,1
icsd-146225,ABC2_oP48_62_3c_3c_6c:Nd-Pt-Sn,48,12,1
icsd-70403,A4B5C16D_tI104_88_f_af_4f_b:Mo-Na-O-Tm,104,8,1
icsd-46862,ABC4D_mP56_14_2e_2e_8e_2e:Ga-Ge-O-Rb,56,14,1
icsd-64010,AB4C_mP12_13_e_2g_f:Ni-O-W,12,4,1
icsd-128990,A3BC9D_oP56_62_a2c_c_5c2d_c:Cu-Mo-O-S,56,12,1
icsd-137736,AB4CDE_mP32_14_e_4e_e_e_e:Cl-O-Rb-S-Zn,32,8,1
icsd-126432,A2B3_cI80_206_ad_e:Gd-O,80,3,1
icsd_127996,A2B3C8_hP26_186_2b_c_ab2c:Co-Mo-O,26,7,1
icsd_124343,A2B2C25D5E2_mP144_14_2e_2e_25e_5e_2e:B-H-O-S-U,144,36,1
icsd-147571,A2BC13D2E_oP76_62_2c_c_5c4d_2c_c:B-C-H-Li-N,76,15,1
icsd-53676,A8BC3D_oC52_63_2f2g_a_cg_c:F-H-Na-Ti,52,8,1
icsd-70546,ABC3_oP40_57_cd_e_cd2e:Ag-Nb-O,40,7,1
icsd_127095,A_oP32_62_4d:C,32,4,1
icsd-149095,ABCD_tP8_129_c_c_c_a:B-Ho-N-Ni,8,4,1
icsd_124857,AB4C2D_hP216_144_9a_36a_18a_9a:C-H-N-Se,216,72,1
icsd-149778,AB3C_tI10_107_a_ab_a:Cu-Ga-Nd,10,4,1
icsd-176191,ABC3D_oC24_63_c_c_cf_a:Ba-Cu-Se-Tm,24,5,1
icsd-176938,AB2C6D_mP40_14_e_2e_6e_e:H-Nd-O-Ru,40,10,1
icsd-174905,A3B2C7_oI96_74_3h_aeh_cd3g3h:La-Ni-O,96,14,1
icsd_124011,A2B7C2_mC44_15_f_e3f_f:Cu-O-V,44,6,1
icsd-146931,AB2_oP6_58_a_g:Fe-Sb,6,2,1
icsd-175302,AB2CD2_hR18_166_a_c_b_c:Co-Na-O-Se,18,4,1
icsd-148186,A2B11C3_oP32_18_c_a5c_bc:Nb-O-Te,32,9,1
icsd-70244,A2BC_tP4_99_c_a_b:O-Pb-Ti,4,3,1
icsd_128198,A2B2C_tI40_141_h_h_c:O-Si-Zr,40,3,1
icsd_124292,ABC12D2E16F4_tI72_87_a_b_hi_d_2hi_h:Cs-K-Li-Na-O-Si,72,9,1
icsd-177016,A3BC_tI10_107_ab_a_a:Al-Ce-Cu,10,4,1
icsd-170383,A2B3C12D4_mP252_14_6e_9e_36e_12e:Cs-Hg-O-Se,252,63,1
icsd-145537,A2B2C3D2_tI18_139_c_e_ad_e:Fe-La-O-Se,18,5,1
icsd-76113,A4BC_tI24_141_h_a_b:O-Pr-V,24,3,1
icsd_57336,A2B7C2_aP22_2_2i_7i_2i:Ca-O-P,22,11,1
icsd-145864,A2B7C2_cF88_227_c_af_d:Gd-O-Ti,88,4,1
icsd_127144,A_mP16_14_4e:C,16,4,1
icsd-174790,A2B4C2D7_oP60_62_2c_4c_2c_7c:Ga-Nd-O-Se,60,15,1
icsd_125529,A_mC88_15_11f:P,88,11,1
icsd-144633,AB4C_tI24_141_a_h_b:Bi-O-V,24,3,1
icsd-139303,A3BC_tP5_99_ac_b_a:O-Pb-Ti,5,4,1
icsd-149001,AB2C4D12E_oP40_59_a_2b_cd_2e2fg_a:Cu-Dy-Mn-O-Zn,40,11,1
icsd-176742,A2BCD4_tP8_123_h_a_b_i:Bi-Cl-Gd-O,8,4,1
icsd_127451,A5B4_cF72_227_ae_e:Fe-O,72,3,1
icsd-70478,A20B39_mP236_14_20e_39e:In-S,236,59,1
icsd-144799,A_hP2_194_c:La,2,1,1
icsd-177503,A3B4C_tP64_114_cd2e_4e_e:Na-S-V,64,9,1
icsd-138396,AB4CD_tP28_113_e_2cd2e_e_e:Ag-O-Ti-Y,28,8,1
icsd-47926,A4B5_oC36_63_acf_c2f:Fe-O,36,6,1
icsd-126672,A5B66C25DE2_mP396_14_5e_66e_25e_e_2e:Cl-H-N-O-U,396,99,1
icsd-174952,A2B5C4_mP22_14_e_a2e_2e:Cl-O-Sb,22,6,1
icsd-163794,A2B_hP24_194_fgh_ef:Cr-Nb,24,5,1
icsd-111151,A2B10C2D3_aP34_2_adi_10i_2i_3i:Mn-O-Rb-Se,34,18,1
icsd-47025,A2B12C3_mC68_15_f_6f_ef:Eu-O-W,68,9,1
icsd-70356,AB2C6D_tP10_123_c_g_abi_d:Ba-Mn-O-Pr,10,6,1
icsd-137960,A5B3C_oP36_62_5c_3c_c:Al-Pt-Sr,36,9,1
icsd-148997,A2B9C2D12E3_mP112_14_2e_9e_2e_12e_3e:B-H-N-O-P,112,28,1
icsd-146570,A2B12C6D_hP21_150_d_2g_ef_a:Br-H-O-Sr,21,6,1
icsd_61480,AB3C_oP40_61_c_3c_c:Mn-O-Te,40,5,1
icsd_124945,ABC8D2_mP24_4_a_a_8a_2a:Gd-H-O-S,24,12,1
icsd_59056,A2B7C2_mC44_15_f_e3f_f:Cu-O-P,44,6,1
icsd-176980,A4B3CD12_mC80_15_2f_ef_e_6f:B-Cr-La-O,80,11,1
icsd_129224,A_cI2_229_a:Mo,2,1,1
icsd_122891,A2BC9D2_oP112_61_2c_c_9c_2c:Cs-Mo-O-P,112,14,1
icsd_123783,A6B6C_oP52_58_2g2h_2g2h_g:B-H-K,52,9,1
icsd-43123,AB5C14D4_aP48_2_i_5i_14i_4i:Bi-K-O-P,48,24,1
icsd-138379,A2B2C6D4E_mP60_14_2e_2e_6e_4e_e:B-C-F-O-Sr,60,15,1
icsd-137576,A2B5C3_mP100_4_10a_25a_15a:F-O-Te,100,50,1
icsd-64179,A15BC2D7E30_hR165_155_d2f_b_c_ade_5f:B-Ba-In-K-O,165,13,1
icsd_127113,A_oP16_58_4g:C,16,4,1
icsd_115598,A2BC4_mP28_14_2e_e_4e:B-Ba-O,28,7,1
icsd-176650,A6B4C_hR66_167_f_ae_b:Cl-Cs-Pb,66,4,1
icsd-49607,A2B4C3_oI36_72_j_k_af:Rb-Se-Zn,36,4,1
icsd-128816,A2BC5_oP32_62_d_c_3cd:Ba-Hg-Se,32,6,1
icsd_57224,A10B22C6D_aP78_2_10i_22i_6i_i:B-H-O-Sn,78,39,1
icsd_115824,A10B3C_aP56_2_20i_6i_2i:F-Sr-Zr,56,28,1
icsd-177104,ABC5D15E2_oC96_36_a_a_a2b_a7b_2a:Ce-F-I-O-Rb,96,15,1
icsd-176715,ABC_oP12_62_c_c_c:Bi-F-S,12,3,1
icsd-64196,AB_cF8_225_a_b:Mn-N,8,2,1
icsd-149693,AB2C3_hP12_194_c_ad_h:C-Na-O,12,4,1
icsd_126981,ABC_cF12_216_c_a_b:Ni-Sb-Tm,12,3,1
icsd_128566,A3B_cF128_227_g_e:O-Sb,128,2,1
icsd-146835,A8BC3_mP24_11_2e3f_e_ef:O-Rb-V,24,8,1
icsd-144808,ABC2_hP4_164_a_b_d:Cr-Li-Te,4,3,1
icsd-46788,AB4C_mP24_14_e_4e_e:La-O-P,24,6,1
icsd-49187,A2B3CD9E2_mC68_9_2a_3a_a_9a_2a:Ba-F-I-O-W,68,17,1
icsd-176979,A4B3CD12_mC80_15_2f_ef_e_6f:B-Cr-La-O,80,11,1
icsd-147377,A6B2C_aP18_2_6i_2i_i:F-Ta-Te,18,9,1
icsd_124545,A6B_mC42_12_i4j_ai:N-Y,42,7,1
icsd_126578,A4B3C12D3_mP176_14_8e_6e_24e_6e:B-Eu-O-Rb,176,44,1
icsd-63995,AB6C6_oC52_63_c_deg_4cg:Ca-Fe-Ge,52,9,1
icsd_116121,AB3C_oC20_65_g_acm_g:Mg-O-V,20,5,1
icsd-147662,A2B6CD_cF40_225_c_e_a_b:Cs-I-Na-Tb,40,4,1
icsd_127386,A2B7C2_aP44_2_4i_14i_4i:Ce-O-Si,44,22,1
icsd-48329,ABC_hP6_194_c_d_a:As-Au-Eu,6,3,1
icsd_83755,A5B8_cI52_217_ce_cg:Ag-Cd,52,4,1
icsd-162486,ABC3_oP20_62_c_a_cd:La-Mn-O,20,4,1
icsd-148714,AB2C2_hP5_164_a_d_d:Eu-P-Zn,5,3,1
icsd-82345,ABCD2E_mP72_14_3e_3e_3e_6e_3e:Ag-H-N-O-P,72,18,1
icsd-161183,A6B2CD_cF40_225_e_c_a_b:Cl-Cs-In-Na,40,4,1
icsd-175590,AB2C2D8E2_oF120_43_a_b_b_4b_b:Ba-H-Na-O-P,120,8,1
icsd-137649,ABC17D4_aP46_2_i_i_17i_4i:Ca-Fe-O-V,46,23,1
icsd-176646,A6B4C_hR66_167_f_ae_b:Cl-Cs-Pb,66,4,1
icsd_127105,A_oI32_46_4c:C,32,4,1
icsd-144737,A9BC15D_hP52_173_3c_a_5c_b:B-Li-O-Pb,52,10,1
icsd-145825,A2B2C7_mP88_14_4e_4e_14e:Cs-Mo-O,88,22,1
icsd-176353,A4B3C10_oC68_64_2f_af_e2fg:Ba-Mn-O,68,8,1
icsd-46858,ABC4D_oP28_33_a_a_4a_a:Cs-Ga-O-Si,28,7,1
icsd_115998,A3B2C4_hP9_174_k_ad_ej:Gd-Rh-Sn,9,5,1
icsd-175085,A2BC8D3_hR42_166_c_a_ch_d:Ag-Ni-S-Sn,42,5,1
icsd-128800,A9B2C3_oC56_63_cfgh_g_ae:Al-Gd-Rh,56,7,1
icsd-174913,AB2C2_tI10_139_a_d_e:Er-Fe-Si,10,3,1
icsd_137294,A2BC8D2_mP52_14_2e_e_8e_2e:Cs-Cu-O-S,52,13,1
icsd_123687,A26B8C2D3_hP234_176_8h9i_bcdh3i_i_3h:F-K-Sb-Zr,234,28,1
icsd-70317,A3B_tP16_136_cj_f:Ga-Ru,16,3,1
icsd_128531,ABC2_hR12_166_a_b_c:Co-Li-O,12,3,1
icsd-176187,ABCD3_oC24_63_c_c_a_cf:Ba-Cu-Dy-Se,24,5,1
icsd_128161,AB2C4D_hP24_152_a_c_2c_b:Ba-Cu-S-Si,24,5,1
icsd_124841,AB4C2D_hP72_152_ac_6c_3c_ac:C-H-N-Se,72,13,1
icsd-53532,A2B3C4D14E4_tI108_88_e_ac_f_e3f_f:Cs-Cu-H-O-Se,108,9,1
icsd_64339,ABC3_oP40_57_cd_e_cd2e:Na-Nb-O,40,7,1
icsd-176538,A2B2C2D7_mP52_14_2e_2e_2e_7e:B-K-Nd-O,52,13,1
icsd-146024,ABC2D2_oI12_71_b_a_g_f:Al-C-Co-La,12,4,1
icsd-70602,AB3C_oC10_38_a_ae_b:Ba-O-Ti,10,4,1
icsd-145258,A2B4C9_oP60_60_d_2d_c4d:Nb-Ni-O,60,8,1
icsd_136893,A3B6CD38E2_hR150_146_3a_2b_a_2a12b_2a:Al-Ca-Na-O-S,150,22,1
icsd-129483,ABC4D2_mP32_14_e_e_4e_2e:Br-Nd-O-Sb,32,8,1
icsd-146927,A2B5C4DE2_oP56_19_2a_5a_4a_a_2a:C-F-O-Rb-Sb,56,14,1
icsd-177283,A2B6CD_hR30_148_c_f_a_b:Ba-O-Pr-W,30,4,1
icsd_119779,AB3C_cP5_221_a_c_b:Ba-O-Sn,5,3,1
icsd_62347,A8BC14D75E12_aP220_2_8i_i_14i_75i_12i:As-Co-Na-O-Pd,220,110,1
icsd-45665,AB_cF8_225_a_b:Pb-Se,8,2,1
icsd-64138,A2B4CDE14F3_mC100_15_f_2f_e_e_7f_ef:Al-H-Mn-N-O-P,100,14,1
icsd-139250,AB12C3D_mP68_14_e_12e_3e_e:Co-O-Se-Zr,68,17,1
icsd-145171,A3B3CD8_hP45_174_3k_3j_ace_3j5k:Ga-Mg-Na-S,45,17,1
icsd-175528,A6B2C2D_oP44_29_6a_2a_2a_a:Cl-Na-O-Pt,44,11,1
icsd-177515,AB16CD4E2_mC96_15_e_8f_e_2f_f:Na-O-Rb-S-Y,96,13,1
icsd_124791,AB4C4_cF72_227_a_e_e:Ag-Mo-O,72,3,1
icsd-147459,A5B2_oP14_59_a2e_e:O-V,14,4,1
icsd_115865,AB3C_oP20_62_a_cd_c:Fe-O-Y,20,4,1
icsd-129315,A2B3C2D15E3F_mP52_11_f_ef_f_3e6f_ef_e:Fe-H-Mn-O-P-Pb,52,16,1
icsd-176304,A8B15C3D_oP108_33_8a_15a_3a_a:Na-O-S-Se,108,27,1
icsd_127447,A5B4_cF72_227_ae_e:Fe-O,72,3,1
icsd-173106,AB6C2D_tI20_87_a_eh_d_b:Cu-O-Sr-W,20,5,1
icsd-126849,A2B5C_oP16_55_h_agh_c:Ce-S-Sn,16,5,1
icsd_136606,A2BC3_hP6_191_c_a_2g:B-Pr-Rh,6,4,1
icsd-174769,AB2C4_cF56_227_a_d_e:Co-Cr-O,56,3,1
icsd-139315,A2B3CD8_mP28_4_2a_3a_a_8a:As-Cs-La-S,28,14,1
icsd-146618,ABC4_oC24_63_c_a_fg:Cr-Cu-O,24,4,1
icsd-129467,AB4C3D_mP36_14_e_4e_3e_e:C-H-O-S,36,9,1
icsd-148174,AB2C5DE_mP40_14_e_2e_5e_e_e:F-H-O-S-Y,40,10,1
icsd_136877,AB18C16D2_mP74_14_a_9e_8e_e:Fe-H-O-S,74,19,1
icsd-174918,AB2C2_tI10_139_a_d_e:Er-Fe-Si,10,3,1
icsd-45951,A2B3_hR15_166_c_ac:Bi-Te,15,3,1
icsd-126638,A4B4C4D_hR78_166_cde_ch_ch_c:Ge-N-O-Sn,78,8,1
icsd-149765,A2B4C_cF56_227_c_e_b:Fe-O-Zn,56,3,1
icsd-77089,A2B3C3D13_hP42_190_f_h_g_cghi:Ge-K-Nb-O,42,7,1
icsd-41912,A4B2C7_oP208_61_8c_4c_14c:Ga-Na-S,208,26,1
icsd-70609,AB3C_tP5_99_b_ac_a:Ba-O-Ti,5,4,1
icsd_128185,A2B_mP12_14_2e_e:O-Zr,12,3,1
icsd-176533,A2BCD4_tP8_123_h_a_b_i:Bi-Cl-Lu-O,8,4,1
icsd-63926,A3B12C2_tP34_113_ae_2e2f_e:Mo-O-Y,34,7,1
icsd-129488,A2B4C4D_mP22_11_ae_bef_2ef_e:Eu-Li-P-Si,22,9,1
icsd-47829,AB5CD_oP64_33_2a_10a_2a_2a:K-O-P-V,64,16,1
icsd_127159,A2BC6D_mP20_14_e_a_3e_d:Gd-Ni-O-Ti,20,6,1
icsd_119908,A8B7C32D4E_oP104_55_4g_a3g_16g_2g_c:C-Cl-H-N-Sb,104,27,1
icsd-147844,A18B22C_oP328_61_18c_22c_c:B-H-S,328,41,1
icsd_137509,ABC3_hR60_167_c_c_f:Bi-Si-Te,60,3,1
icsd-175466,A3B4C_oP32_62_cd_2cd_c:Cs-O-V,32,6,1
icsd-49358,AB18C4_mP46_14_a_9e_2e:Cd-O-S,46,12,1
icsd-175523,A6B2C_cF36_225_e_c_a:I-K-Pt,36,3,1
icsd-137750,ABC4DE_mP32_14_e_e_4e_e_e:Cl-Cs-O-Se-Zn,32,8,1
icsd-146613,ABC_tI12_109_a_a_a:Al-Ge-Nd,12,3,1
icsd-201267,AB8C2D_mC24_12_a_2ij_i_c:K-O-S-Sc,24,6,1
icsd_62823,ABC3_mC20_12_g_i_ij:Mn-P-S,20,4,1
icsd-64758,A12B28CD2E30_aP73_2_6i_14i_a_i_15i:B-H-Mg-N-O,73,37,1
icsd-146097,A4B12C2D4E_aP23_2_2i_6i_i_2i_a:Cl-H-N-O-U,23,12,1
icsd_126820,A2BCD6_mP20_14_e_a_d_3e:Dy-Fe-Mn-O,20,6,1
icsd-149732,AB_cF8_225_a_b:Cr-N,8,2,1
icsd-145341,A2B3C5_tP40_128_h_dh_egh:Ho-Re-Si,40,6,1
icsd_137362,A3BC2D3_oP36_62_3c_c_2c_3c:Ba-Cd-F-Se,36,9,1
icsd-147686,A3B3C_cF112_227_ce_f_d:Fe-Mo-N,112,4,1
icsd-145711,ABC2_hP8_194_a_c_f:C-Ga-V,8,3,1
icsd-138221,AB3C_oP20_62_a_cd_c:Cr-O-Tb,20,4,1
icsd_85235,AB3C_oP20_62_a_cd_c:Cr-O-Tb,20,4,1
icsd-129430,A3B3C13_oP152_60_2c2d_3d_a3c11d:Ca-Ru-Zn,152,22,1
icsd_123634,AB6C15D9E4_oP140_29_a_6a_15a_9a_4a:Cl-H-N-O-Pb,140,35,1
icsd-43094,A_cF8_227_a:Si,8,1,1
icsd-147239,A2B5CD_oC36_63_2c_ch_c_c:Cs-F-Mo-O,36,6,1
icsd-46296,AB2CD2_oP24_62_c_2c_c_2c:As-Ba-Ga-O,24,6,1
icsd-138364,A5B3C_tP36_130_cg_cf_b:H-Na-Zn,36,5,1
icsd-149227,ABCD4_mP28_7_2a_2a_2a_8a:Br-Ce-Mo-O,28,14,1
icsd-202559,A4BC_tP12_129_acf_c_c:F-Pb-Sn,12,5,1
icsd-126403,AB6C2D_cF40_225_a_e_c_b:Bi-Cl-Cs-Na,40,4,1
icsd-42955,A2BC4_hR21_166_c_a_2c:Sb-Sn-Te,21,4,1
icsd_92266,AB4C_oP24_62_a_2cd_c:Cu-O-S,24,5,1
icsd-45639,A2B4C_cF56_227_c_e_b:Fe-O-Zn,56,3,1
icsd-126950,A4B_mC60_15_ce5f_ef:F-U,60,9,1
icsd-146351,A2BC4D_tP8_123_h_a_i_b:Bi-Cl-O-Y,8,4,1
icsd-126815,AB8C16D4E2_aP31_2_a_4i_8i_2i_i:Co-H-O-P-Rb,31,16,1
icsd-70432,AB2C12_mC60_15_e_f_6f:Ag-Au-F,60,8,1
icsd_125076,AB4C6D_aP24_1_2a_8a_12a_2a:Cu-H-O-U,24,24,1
icsd-70598,AB3C_oC10_38_a_ae_b:Ba-O-Ti,10,4,1
icsd-147956,AB15C5D2_aP92_2_2i_30i_10i_4i:K-O-P-Sr,92,46,1
icsd_115993,A2B5C2D3_tI24_139_e_ag_e_be:Cl-O-Sc-Sr,24,6,1
icsd_119549,A4B3C_oF64_69_gho_gl_g:Bi-Ti-Yb,64,6,1
icsd-145068,A2B2C6D2E3_oP60_62_2c_2c_2c2d_2c_3c:Br-H-O-P-Pb,60,13,1
icsd-129349,AB4C2_oP56_33_2a_8a_4a:Ge-O-Sr,56,14,1
icsd-174959,ABC2D3E_mP32_14_e_e_2e_3e_e:Cl-Cs-H-O-Se,32,8,1
icsd-145707,A17B15_cP64_221_acfm_eij:Pd-Se,64,7,1
icsd-67162,A2B7CD_oI44_46_c_b3c_a_b:Nb-O-Rb-Sm,44,7,1
icsd-137592,A2B3C_hP12_147_abd_g_d:K-O-Se,12,5,1
icsd-145357,AB9C3D2_aP30_2_i_9i_3i_2i:Co-O-Se-Sr,30,15,1
icsd_59118,A2BC3_oC24_40_c_b_bc:Ge-P-W,24,4,1
icsd-149724,A3BC4_cP8_215_c_a_e:Cu-In-Se,8,3,1
icsd-137984,A2B_hP12_194_cg_f:O-Si,12,3,1
icsd_127661,A3BC_cP5_221_c_a_b:O-Sr-Ti,5,3,1
icsd-70648,A2B7C2_mP44_4_4a_14a_4a:La-O-Ti,44,22,1
icsd-139099,ABC2_mP16_14_e_e_2e:B-Li-O,16,4,1
icsd-73967,A3BC2_mC24_12_ij_g_hi:H-Li-O,24,5,1
icsd-149661,A3B4_cF56_227_ad_e:Co-O,56,3,1
icsd-139133,A9B2C3_mP56_14_9e_2e_3e:O-Sc-Te,56,14,1
icsd-53578,A5B4C11D2_oP88_19_5a_4a_11a_2a:Cd-H-O-V,88,22,1
icsd-147385,AB6CD2_mP20_14_a_3e_d_e:Ca-O-Os-Sr,20,6,1
icsd_123272,AB2_aP6_2_i_2i:Ir-S,6,3,1
icsd_126420,AB14C_cF128_227_b_cg_a:Gd-O-Ti,128,4,1
icsd_57413,AB3C4D3_hP22_194_a_g_ch_h:Ga-Mn-Sn-Zr,22,5,1
icsd-45855,ABC2_hR12_166_a_b_c:K-La-Se,12,3,1
icsd_122930,AB6C2D_cF40_225_a_e_c_b:Ag-Cl-Cs-In,40,4,1
icsd_127118,A_mP16_14_4e:C,16,4,1
icsd-126946,A2B2C9D2_oP60_60_d_d_c4d_d:Li-Ni-O-W,60,8,1
icsd-64172,AB2C10D3_mP32_11_e_f_2e4f_ef:Ba-Lu-O-Si,32,10,1
icsd_128347,ABC3_cP5_221_b_a_c:Al-La-O,5,3,1
icsd-70998,A13B12CD29E6_hR183_155_a2f_2f_b_cd4f_f:B-H-Na-O-Rb,183,13,1
icsd-137654,A2B3CD14_hR60_166_c_d_a_c2h:As-Fe-La-O,60,6,1
icsd-175427,A6B34C12D3_mC110_12_3i_h6i5j_2i2j_ai:Cs-O-Si-U,110,21,1
icsd_137548,AB10C3D14_aP56_2_i_10i_3i_14i:Er-H-N-O,56,28,1
icsd-145091,A2B_hP3_191_c_b:B-Mg,3,2,1
icsd-70977,A12BC4D2E18_oP148_60_6d_c_2d_d_9d:B-Ba-F-Na-O,148,19,1
icsd-145584,A4B7C4_hP30_186_ac_b2c_bc:Ge-Mg-Pt,30,7,1
icsd-175098,A5BC8_mP56_4_10a_2a_16a:Ga-K-S,56,28,1
icsd_115985,A3B11C5_hP57_143_3d_11d_3a3b3d:Ge-O-Pb,57,23,1
icsd-175831,A2BC_mC16_5_2c_c_c:I-Nb-O,16,4,1
icsd-146652,ABCD_tP8_129_c_a_b_c:Bi-Li-O-Se,8,4,1
icsd_125430,AB2C2_tI40_141_c_h_h:Ce-O-Si,40,3,1
icsd-54655,A8B3C2_hR39_166_ch_ac_c:O-Sr-V,39,5,1
icsd_128486,ABC6D2E2_tP48_136_c_d_efk_fg_j:F-Lu-O-Rb-Si,48,8,1
icsd-149773,A2B3_hR15_166_c_ac:Bi-Se,15,3,1
icsd-177271,ABC2_mC16_15_c_e_f:Ag-Fe-O,16,3,1
icsd_137323,ABC5D2E12F2_mP92_14_e_e_5e_2e_12e_2e:Cu-F-H-Ho-O-S,92,23,1
icsd_60222,A2B_oP12_60_d_c:O-Re,12,2,1
icsd-138260,A9B4C12D3E8F2_mP76_11_3e3f_2ef_2e5f_ef_4f_f:F-Fe-H-N-O-P,76,23,1
icsd-177621,AB_oP8_62_c_c:As-Cr,8,2,1
icsd_136861,A14B3C_mC72_5_14c_3c_ab:O-Re-Tb,72,19,1
icsd-129164,A4B14C4D2E_aP50_2_4i_14i_4i_2i_ae:C-H-I-N-Sn,50,26,1
icsd-148477,ABC2_hR12_166_a_b_c:Cu-Fe-O,12,3,1
icsd-177764,AB2C12_tI60_109_a_b_2b2c:Ce-Ge-Pd,60,6,1
icsd_136924,ABC4DE_mP32_14_e_e_4e_e_e:Cu-F-O-P-Pb,32,8,1
icsd-76231,A3B2C4D_mP40_14_3e_2e_4e_e:Ca-Cl-O-Si,40,10,1
icsd_64324,AB3C_oP20_62_a_cd_c:Fe-O-Yb,20,4,1
icsd-48733,A6B5C18_tI232_142_dg_bg_e2f3g:Co-Ho-Sn,232,10,1
icsd-48363,A6BC2_hP27_150_3g_ad_ef:O-Te-Tl,27,7,1
icsd-137603,A4B_tI10_139_de_a:Al-Eu,10,3,1
icsd-175470,ABC2D6_mP20_4_a_a_2a_6a:Dy-K-P-S,20,10,1
icsd_57297,ABCD3_oP24_19_a_a_a_3a:B-Ba-H-O,24,6,1
icsd-45678,ABC2D4_mP16_7_a_a_2a_4a:Co-Ge-Li-O,16,8,1
icsd_139151,A2B3_hR30_167_c_e:Al-O,30,2,1
icsd-64060,AB6C4D2E_mP56_14_e_6e_4e_2e_e:Ca-F-H-O-Ti,56,14,1
icsd-144792,A_tI2_139_a:La,2,1,1
icsd-146605,AB6CD2_mP20_14_a_3e_d_e:Dy-O-Sb-Sr,20,6,1
icsd-175866,A6B2C_cF36_225_e_c_a:Cl-Cs-Re,36,3,1
icsd-137746,AB4CD4EF_mP48_14_e_4e_e_4e_e_e:Br-H-N-O-S-Zn,48,12,1
icsd-52502,AB5C4_mP20_11_e_a2ef_2ef:Al-Li-Se,20,8,1
icsd-145029,A30BC3D6_hP80_165_5g_a_bd_g:F-Fe-Na-Np,80,9,1
icsd_116757,AB3C_tI80_109_c_4bc_4a:As-Pd-Sr,80,10,1
icsd_129203,ABCD2E4_oP72_60_d_2c_d_2d_4d:As-F-Mg-Na-O,72,10,1
icsd-49159,A6B7C4_oC34_65_ghj_aep_q:Sb-Yb-Zn,34,7,1
icsd_124431,A4B11C_hR96_167_be_cef_a:N-O-U,96,6,1
icsd-46306,A7B9C5_hP21_174_ajk_2jk_cfk:P-Pd-Tm,21,9,1
icsd-146941,AB5C2_oP32_62_c_5c_2c:Ni-Se-Ta,32,8,1
icsd-137802,AB2_oF48_70_e_ef:Co-In,48,3,1
icsd-48748,AB5C2_mC32_12_i_5i_2i:Li-O-V,32,8,1
icsd_116813,A2B3C3D2_tP10_123_g_ae_df_h:As-Cr-O-Sr,10,6,1
icsd_125365,A2B3C_oC24_40_c_a2b_b:Na-S-Sn,24,5,1
icsd_128557,AB_hP4_186_b_b:S-Zn,4,2,1
icsd_54706,ABC_cF12_216_a_c_b:Mg-Pd-Sb,12,3,1
icsd-149708,A3B2CD2_oP32_33_3a_2a_a_2a:F-K-Nb-O,32,8,1
icsd-47901,A2BC_hR12_166_c_a_b:N-Sr-Zr,12,3,1
icsd-146804,AB4C2D_mP32_14_e_4e_2e_e:C-H-N-Se,32,8,1
icsd-144839,AB_cF8_225_a_b:Ni-O,8,2,1
icsd-48174,A7B2C2_cF88_227_af_d_c:O-Ti-Y,88,4,1
icsd_127421,A2B_hP9_152_c_a:O-Si,9,2,1
icsd-146384,A2BC2_tI10_139_e_a_d:Ge-La-Mn,10,3,1
icsd-176732,AB6C2D_tI20_139_a_eh_d_b:Bi-Cl-Cs-Na,20,5,1
icsd-177089,A3B4_cI28_220_a_c:C-Dy,28,2,1
icsd-177573,AB3C_cP5_221_a_c_b:K-O-Os,5,3,1
icsd-148230,ABC2D6E2_oP48_55_h_g_2g_2g2i_2h:Cl-K-N-O-Rb,48,10,1
icsd-147080,A3B_cP4_221_c_a:Fe-Pt,4,2,1
icsd-128974,A3BC9D_oP56_62_a2c_c_5c2d_c:Cu-Mo-O-S,56,12,1
icsd-82374,ABCD2E_mP72_14_3e_3e_3e_6e_3e:Ag-H-N-O-P,72,18,1
icsd_124718,A2B2C10DE2_mP34_14_e_e_5e_a_e:B-Na-O-Te-Y,34,9,1
icsd-145117,ABC2_tP4_123_a_b_h:In-Ru-Tm,4,3,1
icsd-146691,A2BC3_aP48_2_bcdh6i_4i_12i:Cu-Ir-O,48,26,1
icsd-149564,A2B_hP3_191_c_b:B-Zr,3,2,1
icsd_61624,A2B_oC48_20_ab3c_2c:Na-Tl,48,7,1
icsd_128691,A6B9C48D2E4_aP69_2_3i_a4i_24i_i_2i:As-Na-O-Pt-W,69,35,1
icsd-149134,A3B6C6D4_cI38_217_b_d_e_c:Co-F-O-Sb,38,4,1
icsd_127134,A_mP16_13_4g:C,16,4,1
icsd_117582,ABC3_cP5_221_a_b_c:Ba-Fe-O,5,3,1
icsd-139236,ABCD3_oP24_62_c_c_c_3c:Cu-Gd-Sr-Te,24,6,1
icsd_119965,AB_oC8_63_c_c:Ni-Pr,8,2,1
icsd-47794,A2B_tP6_137_d_a:O-Zr,6,2,1
icsd-42742,AB_hP12_194_cf_de:Cu-S,12,4,1
icsd-146015,A3BC2D10_hR384_167_2f_be_cf_2c6f:B-Cs-P-S,384,14,1
icsd_124935,A2BC24D4_mC124_9_2a_a_24a_4a:Au-Ba-N-O,124,31,1
icsd_63567,A4B6C4D18E167F36_aP470_2_4i_be5i_4i_18i_167i_36i:As-Cs-Dy-K-O-W,470,236,1
icsd-433049,A5B5C_mP88_14_10e_10e_2e:B-H-Tl,88,22,1
icsd-70633,ABC_hP6_186_b_a_b:Au-Gd-Ge,6,3,1
icsd-176509,AB3C_oC10_38_a_bd_b:Nb-O-Rb,10,4,1
icsd_124036,AB2CD6E_mP44_14_e_2e_e_6e_e:Au-C-Cl-H-S,44,11,1
icsd-145793,A10B5C22D3_oP80_31_2a4b_a2b_4a9b_ab:B-H-O-Tb,80,24,1
icsd-47813,A18B3C9D4E_cP140_198_6b_3a_3b_ab_a:H-Na-O-S-Sb,140,15,1
icsd-175325,A3B4C_oP16_31_ab_2ab_a:Li-O-V,16,6,1
icsd-174922,A2BC4_tP28_135_h_d_gh:As-Cu-O,28,4,1
icsd-47956,A2BCD2_mP24_14_2e_e_e_2e:C-Cu-K-N,24,6,1
icsd-144497,A2BC16D4_mP46_14_e_a_8e_2e:B-Cu-O-S,46,12,1
icsd-70326,A2B2C8D_oP52_62_d_d_2c3d_c:B-Ge-O-Sr,52,8,1
icsd-175149,A4BC14D2_mC84_15_2f_e_7f_f:I-Mo-O-Rb,84,11,1
icsd-145005,AB3C_oP20_62_c_3c_c:Cs-I-Sn,20,5,1
icsd-175519,A6B2C_cF36_225_e_c_a:Cl-Cs-Pt,36,3,1
icsd-177524,A5B2C_mP32_14_5e_2e_e:O-Sb-Se,32,8,1
icsd_127026,A2B2C3D_aP16_2_2i_2i_3i_i:Ca-Cl-O-Te,16,8,1
icsd-139324,ABC2_oC16_63_c_c_f:Ba-Rh-Sn,16,3,1
icsd-144614,AB2CD6_mP20_14_a_e_d_3e:Ir-Nd-Ni-O,20,6,1
icsd-146629,A2BCD3_mP42_7_6a_3a_3a_9a:B-F-K-O,42,21,1
icsd_128279,A2B4C_oP28_62_ac_2cd_c:Mn-O-Si,28,6,1
icsd-149476,AB_cF8_225_a_b:Cl-Na,8,2,1
icsd_123966,AB5C_tP7_123_c_ai_b:Mn-Pd-Se,7,4,1
icsd-48436,A2BC3D6_mP48_14_2e_e_3e_6e:B-Lu-Na-O,48,12,1
icsd_128296,ABC4_cF24_216_a_c_e:Cd-La-Pt,24,3,1
icsd-139261,AB12C2D5_oP160_61_c_12c_2c_5c:Co-O-Rb-Si,160,20,1
icsd-173072,AB6C2D_tI20_87_a_eh_d_b:Cu-O-Sr-W,20,5,1
icsd_119898,A8BC6D3_aP36_2_8i_ae_6i_3i:C-Cu-H-O,36,19,1
icsd-138470,AB4C_mC384_9_16a_64a_16a:N-O-Pb,384,96,1
icsd-177461,ABC2D4_oP16_31_a_a_b_2ab:Cd-Ge-Li-O,16,6,1
icsd-144897,A4B2C6DE2_mP60_14_4e_2e_6e_e_2e:H-N-O-Pb-S,60,15,1
icsd-45838,AB9C_aP22_2_bd_9i_i:Co-O-S,22,12,1
icsd-147242,A22B4C3D4_mC132_15_11f_2f_ef_2f:F-O-Pb-W,132,17,1
icsd-174871,A3B2C7_oC48_63_cg_g_c2eg:La-Ni-O,48,7,1
icsd-201924,AB3C3_cP7_221_a_d_c:As-Ca-I,7,3,1
icsd-175763,A5B2C6_oP26_55_a2g_h_g2h:Eu-In-Sb,26,7,1
icsd-43145,ABC4_tI24_88_a_b_f:Ca-Mo-O,24,3,1
icsd_124889,AB4_cF40_227_a_e:Al-Yb,40,2,1
icsd-59548,A4BC_mP12_13_2g_e_f:O-Ta-Tm,12,4,1
icsd-54680,A2BC4_cF56_227_c_b_e:Al-Ni-O,56,3,1
icsd-42754,A9B5_hR42_166_a4c_b2c:Cu-S,42,8,1
icsd-45584,A2B3_hR30_167_c_e:Fe-O,30,2,1
icsd-70330,A2B2C8D_aP26_2_2i_2i_8i_i:B-Ge-O-Sr,26,13,1
icsd_127749,A16B11C2_mC464_15_2e31f_22f_4f:Ag-S-Sb,464,59,1
icsd-144481,A3B8CD2E16F4_mP136_14_3e_8e_e_2e_16e_4e:B-H-Li-N-O-P,136,34,1
icsd-147307,A2B15C4D4_mC100_15_f_e7f_2f_2f:Cs-O-V-Zn,100,13,1
icsd-126614,A2B2C7D_tP24_113_e_e_cef_a:Be-Dy-O-Si,24,6,1
icsd_93230,A2B5C_mC32_12_ei_3ij_i:Cu-O-S,32,7,1
icsd-170424,A5BCD5_oP48_62_c2d_c_c_c2d:C-Cl-Mn-O,48,8,1
icsd-146845,A2B8C_oP44_62_2c_2c3d_c:Ba-F-Hf,44,8,1
icsd-74689,AB2C2_hP5_164_a_d_d:Eu-Mn-P,5,3,1
icsd-54116,ABC3D_oC24_63_c_c_cf_a:Cu-Rb-S-Zr,24,5,1
icsd_115511,AB8C14D4E2_aP58_2_i_8i_14i_4i_2i:Ca-H-O-P-Ti,58,29,1
icsd_119532,A2B3C2D2_mC18_12_i_ai_i_i:O-S-Sb-Sr,18,5,1
icsd-147184,AB_oC8_63_c_c:B-Mn,8,2,1
icsd_127933,ABC3D_oC24_63_c_a_cf_c:Cu-Ho-Se-Sr,24,5,1
icsd-177477,A4B4C_tI216_142_cdefg_3g_ae:Na-Se-Sn,216,10,1
icsd-145506,AB10C3D_oP60_19_a_10a_3a_a:Cs-O-P-Th,60,15,1
icsd-177027,A2BCD_tI10_107_b_a_a_a:Al-Ce-Cu-Ga,10,4,1
icsd_137175,AB5C2_mC96_15_af_e7f_3f:Ba-O-Si,96,13,1
icsd-147491,AB3_hP24_194_cf_abdk:Ce-Ni,24,6,1
icsd-126478,ABC_tP6_129_c_c_a:Cl-Dy-O,6,3,1
icsd_127525,AB4C_oP24_62_c_2cd_c:Ba-O-S,24,5,1
icsd-176636,A5BC2_tI32_140_cl_a_h:Cl-Cs-Pb,32,4,1
icsd_128280,AB2_mC6_12_a_i:Mn-O,6,2,1
icsd_127175,A5B3C2_tP40_128_egh_dh_h:Ge-Ru-Sm,40,6,1
icsd-70388,A2B_tP6_136_f_a:H-Mg,6,2,1
icsd-144593,ABC2_hR12_166_a_b_c:Ag-Co-O,12,3,1
icsd-82948,ABCD2E_mP72_14_3e_3e_3e_6e_3e:Ag-H-N-O-P,72,18,1
icsd-139109,ABC2_mP16_14_e_e_2e:B-Li-O,16,4,1
icsd_128404,AB4_mP40_14_2e_8e:Mo-O,40,10,1
icsd-146957,A5BC2_mP32_14_5e_e_2e:Cl-In-Pb,32,8,1
icsd-145382,AB3C4D12_cI40_204_a_b_c_g:Ca-Cu-Mn-O,40,4,1
icsd_124427,A2B4C14D_mP42_14_e_2e_7e_a:Cs-N-O-U,42,11,1
icsd_129215,A2B4C_oP28_62_ac_2cd_c:Fe-O-Si,28,6,1
icsd-175671,A_cF4_225_a:Pb,4,1,1
icsd-429540,ABC3_mP40_14_2e_2e_6e:As-La-O,40,10,1
icsd-47917,AB2CD5_mP36_4_2a_4a_2a_10a:As-Ba-Sb-Se,36,18,1
icsd-126643,AB3C4DE5F_aP30_2_i_3i_4i_i_5i_i:C-Cl-H-Li-O-S,30,15,1
icsd_54710,A2B7C2_mP44_14_2e_7e_2e:Co-O-V,44,11,1
icsd-148676,A3BC2D6_oC192_36_2a5b_2ab_2a3b_4a10b:B-Br-Ca-O,192,29,1
icsd-129365,A8B3C2_hR39_166_ch_ac_c:O-Sr-V,39,5,1
icsd_127964,AB3C3D3_aP20_2_i_3i_3i_3i:B-Nd-O-S,20,10,1
icsd-138124,AB11C4D_mP34_11_e_5e3f_aef_e:Au-F-H-Sr,34,13,1
icsd-176724,AB6C2D_cF40_225_a_e_c_b:Bi-Cl-Cs-Na,40,4,1
icsd-146392,AB3C_oC10_38_a_bd_b:Nb-O-Rb,10,4,1
icsd-146668,A2B6C_mP36_14_2e_6e_e:Ba-Cl-Co,36,9,1
icsd-145947,A3BC8_tI24_121_ad_b_2i:K-Nd-O,24,5,1
icsd_127437,A5B4_cF72_227_ae_e:Fe-O,72,3,1
icsd-139220,A3BC2D2_aP32_2_6i_2i_4i_4i:F-Mo-Na-O,32,16,1
icsd_119973,AB4C14D6_oP50_55_a_2g_4g3h_3h:Fe-Pb-S-Sb,50,13,1
icsd_127122,A_oP32_60_4d:C,32,4,1
icsd_127088,A_mP16_14_4e:C,16,4,1
icsd-70808,A3B11C3D2_mP76_14_3e_11e_3e_2e:Li-O-P-V,76,19,1
icsd-138061,A3B12C7_hR66_148_ac_2f_bf:Ir-O-Rb,66,6,1
icsd-48924,ABC6D2E_aP22_2_i_i_6i_2i_i:F-Fe-O-P-Rb,22,11,1
icsd-145526,AB4C_hP18_180_c_k_d:Ca-O-S,18,3,1
icsd-148744,AB2_tP6_136_a_f:Cr-O,6,2,1
icsd-138446,A6BC10_hP102_154_6c_c_ab9c:Ga-Sn-Te,102,18,1
icsd-126458,A4B12C3_oC76_41_2b_6b_ab:Bi-O-Ti,76,10,1
icsd-176616,A4B2C8D_oI60_72_fj_j_2jk_a:K-P-S-Sr,60,7,1
icsd-139257,AB12C2D5_oP160_61_c_12c_2c_5c:Co-O-Rb-Si,160,20,1
icsd_127440,A5B4_cF72_227_ae_e:Fe-O,72,3,1
icsd-144788,A_cF4_225_a:La,4,1,1
icsd-176303,A2B2C7DE_mP52_14_2e_2e_7e_e_e:H-Na-O-S-Se,52,13,1
icsd-48545,A6B12CD_hR60_148_f_2f_a_b:Bi-I-Pt-Sn,60,5,1
icsd-48816,ABC_hP9_189_f_bc_g:Ag-As-Ca,9,4,1
icsd-145033,A3B_oP16_62_cd_c:H-La,16,3,1
icsd-432052,A3B4CD3_hR33_146_b_ab_a_b:F-O-P-Sn,33,5,1
icsd-176180,ABC3_oP20_62_c_c_3c:Cr-Sb-Se,20,5,1
icsd-70310,A2B2CDE3_oP36_62_2c_2c_c_c_3c:Ba-F-In-K-S,36,9,1
icsd_124846,AB4C2D_hP216_144_9a_36a_18a_9a:C-H-N-Se,216,72,1
icsd-147327,A7B34C7_mC96_12_aij_3i7j_dij:Ba-F-Fe,96,16,1
icsd-174914,AB2C2_tI10_139_a_d_e:Er-Fe-Si,10,3,1
icsd-200753,A3B16C7_hR468_167_bcf_2e7f_3ce2f:Bi-Cl-K,468,18,1
icsd-148197,AB2C7D2_oP48_33_a_2a_7a_2a:Ca-Li-O-Ta,48,12,1
icsd_136894,ABC3_hR30_167_a_b_e:C-Ca-O,30,3,1
icsd-146920,A10B2C3DE16_mC128_15_5f_f_ef_e_8f:B-F-K-Na-O,128,17,1
icsd-70255,A3B3C11_cP68_201_be_g_efh:Bi-Ir-O,68,6,1
icsd-119931,A2BC2D6_hR33_166_c_a_c_h:C-Ca-K-O,33,4,1
icsd_128189,AB_hP12_194_cf_de:Cu-Se,12,4,1
icsd-70605,AB3C_tP5_99_b_ac_a:Ba-O-Ti,5,4,1
icsd-139200,AB2C3D3_hR54_166_c_ad_h_h:Cl-Fe-H-O,54,5,1
icsd_127102,A_oP32_56_4e:C,32,4,1
icsd-176641,A6B4C_hR66_167_f_ae_b:Cl-Cs-Pb,66,4,1
icsd-45635,A2B4C_cF56_227_c_e_b:Mn-O-Zn,56,3,1
icsd-161184,A6B2CD_cF40_225_e_c_a_b:Cl-Cs-In-Na,40,4,1
icsd_62194,A2BC5D_mP18_4_2a_a_5a_a:H-N-O-Tb,18,9,1
icsd-177050,AB2C_hP8_194_a_f_c:C-Hf-Se,8,3,1
icsd_96679,A2B5C2D_mC40_15_f_e2f_f_e:Cs-S-Sb-Zn,40,6,1
icsd-145571,A2B_tI6_139_e_a:Si-W,6,2,1
icsd-70982,A8B20CD_mP120_14_8e_20e_e_e:B-O-Re-Sm,120,30,1
icsd-175082,A3B12C6D_mP44_13_eg_6g_3g_f:Cl-H-O-Tb,44,12,1
icsd_119545,A4BC3_oF64_69_gho_g_gl:Bi-Gd-Ti,64,6,1
icsd-145434,A3B6C_cF40_225_ac_e_b:Cs-F-Ga,40,4,1
icsd-77251,AB_hP4_186_b_b:S-Zn,4,2,1
icsd-70594,ABC_tP6_129_a_c_c:F-Gd-S,6,3,1
icsd-64187,AB_cF8_225_a_b:Mn-N,8,2,1
icsd_127047,AB3_cP8_223_a_c:Sn-Ti,8,2,1
icsd_128218,A2B3C6D_mC24_12_g_ch_ij_b:Co-Na-O-Sb,24,6,1
icsd-176354,AB3C_oP20_62_c_cd_a:Ba-O-Pr,20,4,1
icsd_127417,AB8C8D_mP72_14_e_8e_8e_e:Fe-H-O-S,72,18,1
icsd-147720,A5B12C3D_oC84_36_a2b_2a5b_ab_a:Cl-H-N-Sn,84,13,1
icsd-148085,A4BC5_tI20_87_h_a_bh:Li-Np-O,20,4,1
icsd_124811,AB5_mP24_14_e_5e:Br-F,24,6,1
icsd_128561,AB2C3_mC24_15_e_f_ef:C-Li-O,24,4,1
icsd-146561,A20B4C_mP100_14_20e_4e_e:O-Re-Th,100,25,1
icsd-149381,A11B6C2_mC38_12_ah2ij_ij_i:O-Pb-Sb,38,8,1
icsd_116825,A3B2C8D3E5F_mP88_14_3e_2e_8e_3e_5e_e:C-F-H-N-O-Sb,88,22,1
icsd-176568,A9BC4D15_hR87_146_3b_a_ab_5b:Ga-I-Na-S,87,11,1
icsd-37789,AB10C9D_aP42_2_bc_10i_9i_i:Cu-H-O-S,42,22,1
icsd_61491,AB5CD5_mP48_14_e_5e_e_5e:Ba-H-Ho-O,48,12,1
icsd-147235,A10B2C2D_aP60_2_20i_4i_4i_2i:F-Mo-O-Sr,60,30,1
icsd-49600,A2B7C2_cF88_227_c_af_d:La-O-Zr,88,4,1
icsd-138057,A7B4C15_mP52_14_a3e_2e_c7e:Ba-Mn-O,52,14,1
icsd-149544,AB2_tI6_139_a_e:Cs-O,6,2,1
icsd-70097,AB12C3D2_hR108_167_b_2f_e_c:Ca-O-P-V,108,5,1
icsd-176657,A3BC12D6E2F3G21_hP96_193_ad_b_l_k_c_g_gijk:C-Cl-H-K-N-Na-O,96,11,1
icsd-48441,A2B3CD6_oP48_62_2c_cd_c_4cd:B-K-La-O,48,10,1
icsd_127114,A_mC24_12_2i2j:C,24,4,1
icsd-175997,A6B24C_mP62_14_3e_12e_a:Mo-O-Rh,62,16,1
icsd-64191,AB_cF8_225_a_b:Mn-N,8,2,1
icsd-82211,A9B3C_hR78_155_3cdef_f_c:Al-Ni-Y,78,8,1
icsd-129353,AB2C4D12E_oP40_59_a_2b_cd_2e2fg_a:Cu-Gd-Mn-O-Zn,40,11,1
icsd_57389,ABC_mP12_14_e_e_e:Cl-K-O,12,3,1
icsd-149682,AB2C3_hP12_194_c_ad_h:C-Na-O,12,4,1
icsd_126990,ABCD3_oP24_62_c_c_c_3c:Cu-Eu-Gd-Te,24,6,1
icsd-47022,A2B12C3_mC68_15_f_6f_ef:Nd-O-W,68,9,1
icsd-146127,ABC6D_hP18_163_b_c_i_d:Gd-Mn-O-Te,18,4,1
icsd-149728,AB_cF8_225_a_b:Cr-N,8,2,1
icsd_116425,A3B2C2_tP7_123_ag_g_g:N-Sr-Ti,7,4,1
icsd-144819,AB3C_hR30_148_c_f_c:Mg-O-Ti,30,3,1
icsd-163793,A2B_hP12_194_ah_f:Cr-Nb,12,3,1
icsd-175647,ABCD3_oP24_62_c_c_c_3c:Ce-Cu-Eu-Se,24,6,1
icsd_129223,A2B4C_oP28_62_ac_2cd_c:Fe-O-Si,28,6,1
icsd-43124,A5B5C30D8_mP192_14_5e_5e_30e_8e:Bi-K-O-P,192,48,1
icsd-67181,AB6C6DE12_hR78_166_a_h_h_b_2h:Br-Cs-Ga-Na-Se,78,6,1
icsd-137822,A2B11C_tI112_110_b_a5b_a:Mo-O-Zr,112,8,1
icsd_61487,AB4CD3E_oP160_61_2c_8c_2c_6c_2c:Cl-H-N-O-S,160,20,1
icsd-146598,A2BC6D_cF40_225_c_a_e_b:Ba-Dy-O-Sb,40,4,1
icsd-139095,A3B2C_oC24_63_ag_f_c:Ga-Mg-Mn,24,4,1
icsd_127143,A_oP32_60_4d:C,32,4,1
icsd-174797,AB4C_oC24_63_c_fg_c:B-F-Na,24,4,1
icsd-45674,ABC4_aP36_2_3i_3i_12i:Cu-Mo-O,36,18,1
icsd-177011,A8BC3_cI96_206_ce_a_d:O-Sn-Te,96,4,1
icsd-148752,A2B7C2_cF88_227_c_af_d:Gd-O-Ti,88,4,1
icsd-46058,AB2CD8E2_mP28_14_a_e_d_4e_e:Cu-Na-Ni-O-P,28,8,1
icsd_85501,ABC3_hP30_185_c_ab_ab2c:Fe-Lu-O,30,7,1
icsd-148617,A15B2_mC272_9_60a_8a:C-S,272,68,1
icsd-175539,A2BC2D47E9F_aP124_2_2i_i_2i_47i_9i_i:Fe-K-Na-O-W-Y,124,62,1
icsd-138145,A4BCD8_oI56_46_2c_b_a_4c:Bi-Br-Nb-O,56,8,1
icsd-70886,A8BC3D13_oP100_29_8a_a_3a_13a:B-Br-Li-O,100,25,1
icsd-146609,AB4C_aP24_2_2i_8i_2i:Nb-O-Yb,24,12,1
icsd-144634,AB4C_tI24_88_a_f_b:Bi-O-V,24,3,1
icsd_127456,A5B4_cF72_227_ae_e:Fe-O,72,3,1
icsd-170412,AB4C3D6E16F4_aP34_2_b_2i_ci_3i_8i_2i:Al-F-K-Li-O-S,34,18,1
icsd_62213,A4BC8D_aP168_2_24i_6i_48i_6i:B-Ba-O-Zn,168,84,1
icsd_116188,A2B_mP168_11_a7e24f_14f:O-Si,168,46,1
icsd_124850,AB4C2D_hP216_144_9a_36a_18a_9a:C-H-N-Se,216,72,1
icsd-176196,ABCD3_oC24_63_c_c_a_cf:Ba-Cu-Lu-Se,24,5,1
icsd-64200,AB_cF8_225_a_b:Mn-N,8,2,1
icsd-176179,AB_cF8_225_a_b:Eu-O,8,2,1
icsd_59006,A2B3C16D6_mP54_14_e_ae_8e_3e:Cs-Cu-O-Te,54,14,1
icsd_125257,A2B2CD4E2_oI22_71_g_e_b_l_f:C-Cl-Co-O-Rb,22,5,1
icsd_127790,ABC_tI6_107_a_a_a:As-Na-Sn,6,3,1
icsd_136882,A5B2C_tI32_87_di_h_e:O-Pr-Re,32,4,1
icsd-147274,AB2CD6E2_tP24_113_a_e_c_ef_e:Fe-Ge-O-S-Sr,24,6,1
icsd_124446,ABC2D_oP20_19_a_a_2a_a:Ge-O-S-Sr,20,5,1
icsd-148396,A2BCDE3F_aP18_2_2i_i_ab_i_3i_i:Cl-Cs-Cu-H-O-Se,18,10,1
icsd_124651,A2B3C3D6E6_mC80_15_f_ef_cf_3f_3f:B-Cl-Cs-H-O,80,11,1
icsd-128997,A4B20C2D17_mC172_15_2f_10f_ae_e8f:B-H-Na-O,172,23,1
icsd-147433,ABC_hP6_194_a_c_d:Ba-Bi-Li,6,3,1
icsd-177085,A3B2_cI40_220_d_c:C-Dy,40,2,1
icsd-126989,A6B6C18D2E_cP132_205_d_d_3d_c_a:C-Cl-H-S-Zr,132,7,1
icsd-149587,AB3C9D2_oP60_62_c_cd_5c2d_2c:Ca-Fe-O-Si,60,12,1
icsd_117561,A3B3C2D15E2_oP100_33_3a_3a_2a_15a_2a:B-H-La-O-S,100,25,1
icsd-46865,ABCD4_mP84_14_3e_3e_3e_12e:Al-Ge-Na-O,84,21,1
icsd-70404,A3BC_tP10_113_ae_c_b:Cr-Ge-N,10,4,1
icsd_59211,AB2C4D_mP16_7_a_2a_4a_a:Fe-Na-O-Si,16,8,1
icsd_128222,A2BC2_hP5_164_d_a_d:Al-Dy-Ge,5,3,1
icsd_119969,AB4C14D6_mP50_14_a_2e_7e_3e:Fe-Pb-S-Sb,50,13,1
icsd_127138,A_mC32_15_4f:C,32,4,1
icsd-47262,A5B2_oP14_59_a2e_e:O-V,14,4,1
icsd-149092,A2B3_cI80_206_ad_e:Dy-O,80,3,1
icsd_127092,A_mP16_13_4g:C,16,4,1
icsd-64152,ABC_tP6_129_c_c_a:Bi-Cl-O,6,3,1
icsd-70541,A2B4C_oP28_62_ac_2cd_c:Mn-S-Si,28,6,1
icsd_128367,AB_oP8_62_c_c:As-Cr,8,2,1
icsd-177590,AB4C_tI24_88_a_f_b:Ca-O-W,24,3,1
icsd-70812,A4B2C12D3E2_oP92_60_2d_d_6d_cd_d:Li-Na-O-P-V,92,12,1
icsd-129390,ABC5D_mP32_14_e_e_5e_e:C-Co-O-Zn,32,8,1
icsd_124344,A6B2C_cF36_225_e_c_a:Cl-K-Os,36,3,1
icsd-128978,A3BC9D_oP56_62_a2c_c_5c2d_c:Cu-Mo-O-S,56,12,1
icsd_127991,A2B3C8_hP26_186_2b_2c_ab4c:Co-Mo-O,26,10,1
icsd_126953,A2B3_oP80_61_ab3c_6c:Mn-O,80,11,1
icsd-139113,ABC2_mP16_14_e_e_2e:B-Li-O,16,4,1
icsd-43108,ABC_tP6_129_a_c_c:Fe-La-Si,6,3,1
icsd-148050,A2BC6D_tI20_87_c_a_eh_b:Ba-Gd-O-Ta,20,5,1
icsd-44767,AB2C3D16E7_hP29_164_b_d_e_2d2i_ai:Fe-Ge-Mn-O-Sn,29,9,1
icsd-45875,A3B20C6D_oC120_20_a2b_10c_3c_a:Al-O-P-Rb,120,17,1
icsd_122910,A2BC4_hP56_173_2b2c_ac_b5c:Al-Ba-O,56,12,1
icsd-148400,ABC_tP6_129_a_c_c:Sn-Te-Zr,6,3,1
icsd-176944,A5B12C2_mC38_12_a2i_2i2j_h:Lu-O-Ru,38,8,1
icsd-138217,AB3C_oP20_62_a_cd_c:Cr-O-Y,20,4,1
icsd-175391,A8B17C4_mC464_15_16f_34f_8f:Ba-Se-Sn,464,58,1
icsd-45930,AB10C3D2_mP32_11_e_2e4f_ef_f:Ba-O-Si-Y,32,10,1
icsd_61917,AB_oC16_36_2a_2a:O-Sn,16,4,1
icsd-201986,A3BC3_cP7_221_c_a_d:Br-P-Sr,7,3,1
icsd-148816,A2B17C3D_hP23_143_ab_ab5d_d_c:B-O-P-Pu,23,11,1
icsd-45033,A3BC15D4E3_hP52_173_c_a_5c_bc_c:Ag-F-O-Se-Ti,52,10,1
icsd-149180,A3B6C4D16_mP58_13_eg_ef2g_2g_8g:Mg-Na-P-S,58,16,1
icsd_127180,A5B3C2_tP40_128_egh_dh_h:Ge-Ru-Sm,40,6,1
icsd_117536,AB3C12D3_hR114_148_ab_f_4f_f:La-Na-O-S,114,8,1
icsd_128275,A2B4C_oP28_62_ac_2cd_c:Mn-O-Si,28,6,1
icsd-64410,AB_hP6_156_2ab_2ab:C-Si,6,6,1
icsd_137180,A3B13C5_mP84_14_3e_13e_5e:Ba-O-Si,84,21,1
icsd-177528,ABC12D2_tI32_139_a_b_in_d:Ba-Ca-F-Hf,32,5,1
icsd_127929,A9BCD54E12F2G2_mP162_13_a4g_b_f_2e26g_6g_g_g:Fe-Mn-Na-O-Si-Sr-Ti,162,43,1
icsd-129328,AB3C14D2_oI80_74_e_eh_h2i2j_ac:Cs-Ga-Ge-Na,80,10,1
icsd_123086,A8B3C2_hR39_166_ch_d_c:Cl-Mn-Na,39,4,1
icsd_124743,A2B4C12DE2_mC42_5_c_2c_6c_a_c:Dy-H-O-S-Se,42,11,1
icsd_87906,ABCD5E_mP36_14_e_e_e_5e_e:C-K-Li-O-Te,36,9,1
icsd-174241,AB3C_mP20_14_ad_3e_e:Ni-O-Pr,20,6,1
icsd-176786,A2B8CDE3_oP60_62_2c_2c3d_a_c_cd:B-F-H-O-Rb,60,11,1
icsd_127495,A13B5C6_mP48_4_13a_5a_6a:O-Pb-S,48,24,1
icsd_139171,A2B_oP6_58_g_a:O-Si,6,2,1
icsd-175329,A2B4C_oP28_62_2c_2cd_c:K-O-S,28,6,1
icsd-177314,A2BC5D_oP36_19_2a_a_5a_a:B-Be-O-Pb,36,9,1
icsd-201894,AB3C3_cP7_221_a_c_d:As-Br-Ca,7,3,1
icsd-147258,A7B2_oP36_61_a3c_c:O-Tc,36,5,1
icsd-145265,AB3C_cP40_205_ab_d_c:Cs-I-Sn,40,4,1
icsd-176856,A2BC4_tI28_141_c_b_h:Cu-Ge-O,28,3,1
icsd-147608,AB2C4D_oP16_31_a_b_2ab_a:Cd-Cu-S-Si,16,6,1
icsd-175283,A4B9CD2_mP64_14_4e_9e_e_2e:Hg-O-S-Te,64,16,1
icsd-176505,A4B3C12D_hR60_166_2c_ac_2h_b:Ba-Mn-O-Pr,60,7,1
icsd_124893,AB3C2D10E2_hR54_166_a_d_c_2ch_c:Ba-Co-H-O-V,54,7,1
icsd-149246,A3B2C6D2E4_mC34_12_ai_i_3i_i_2i:C-Cl-N-O-Tb,34,9,1
icsd-148904,ABC3_mC60_12_3i_ad2i_3i3j:Ba-Ir-O,60,13,1
icsd-144531,ABC10D6_oP36_59_a_b_ab2eg_ab2e:B-N-O-Pb,36,11,1
icsd-45064,ABCD_tP8_129_a_c_b_c:Ag-Bi-O-Se,8,4,1
icsd-175796,ABC3_hR30_167_a_b_e:B-Fe-O,30,3,1
icsd-45967,A3B4C_tI16_121_ad_i_b:Cu-S-Sb,16,4,1
icsd-177601,A6B8C2D_cF68_225_e_f_c_a:Br-H-N-Sn,68,4,1
icsd-38807,A2BC2_oC20_64_f_a_e:Ce-Ga-Rh,20,3,1
icsd-70916,A4B_tI10_139_de_a:Al-Ba,10,3,1
icsd-175503,AB3C_oP20_62_c_cd_c:Ba-O-Pt,20,4,1
icsd-147921,A5B12C3D_oC84_36_a2b_2a5b_ab_a:Cl-H-N-Sn,84,13,1
icsd-47736,A3B12C17D2E_hP70_173_c_4c_2b5c_2b_a:Ba-H-O-Se-Sn,70,15,1
icsd-146799,AB4C12D7E4_tI448_142_e_2g_6g_abdf2g_2g:Ag-C-H-N-Se,448,17,1
icsd_128263,A10B3C8_aP42_2_ad9i_3i_8i:Cu-Hg-S,42,22,1
icsd-139294,ABC2_oC16_63_c_c_f:Au-Ba-Mg,16,3,1
icsd-46824,AB6C_mC32_15_e_3f_e:Dy-O-P,32,5,1
icsd_117520,AB2CD4_hP24_152_a_c_b_2c:Al-Ba-Li-O,24,5,1
icsd-126862,A2B3CD8E2_oP32_31_b_ab_a_2a3b_b:Be-H-K-O-Se,32,10,1
icsd_139167,A2B_tP6_136_f_a:O-Si,6,2,1
icsd_127179,A5B3C2_tP40_128_egh_dh_h:Ge-Ru-Sm,40,6,1
icsd-77695,AB9C3D_hP28_188_a_kl_k_c:K-O-P-Zn,28,5,1
icsd-175915,AB2C2D2E2_tI18_139_a_d_c_e_e:Co-Cu-O-Se-Sr,18,5,1
icsd-46961,ABC3_hR30_161_a_a_b:Bi-Fe-O,30,3,1
icsd-200143,A2B2CD3E_mC36_15_f_f_e_ef_e:Cl-H-Np-O-Rb,36,6,1
icsd_137179,A5B21C8_mC136_15_a2f_e10f_4f:Ba-O-Si,136,18,1
icsd-148912,A6B2C13D6_mP54_14_3e_e_a6e_3e:Ba-O-S-Sb,54,14,1
icsd_115771,A3BC4_cI16_217_b_a_c:Na-Sb-Se,16,3,1
icsd-43149,A9B6C24D2_hR123_148_acf_f_4f_c:Ba-Ge-O-Y,123,9,1
icsd-200790,ABC_tP6_129_a_c_c:F-Nd-S,6,3,1
icsd-145789,ABC3_hR30_167_b_a_e:Co-La-O,30,3,1
icsd-44726,ABC_oP24_59_2e_2e_abe:Ge-Rh-Th,24,7,1
icsd-174938,AB2C_mP8_11_e_2e_e:Cl-O-Y,8,4,1
icsd_136857,A2BC9D_mP26_11_2e_e_3e3f_e:Cl-La-O-Re,26,10,1
icsd-146849,A2B8C12DE6_mC116_15_f_4f_6f_e_3f:Cd-F-H-Hf-O,116,15,1
icsd-126618,A2B7CD2_tP24_113_e_cef_a_e:Be-O-Si-Yb,24,6,1
icsd_61956,AB2CD6E2_tP24_113_a_e_c_ef_e:Co-Ge-O-S-Sr,24,6,1
icsd-146234,AB2C4_oP28_62_c_2c_4c:Cd-Fe-O,28,7,1
icsd-48494,A2B2C6D_oC44_20_c_c_ab2c_a:Ge-K-O-Zn,44,7,1
icsd-149591,AB3C9D2_oP60_62_c_cd_5c2d_2c:Ca-Fe-O-Si,60,12,1
icsd-144659,A2B4C_cF56_227_c_e_b:Ga-O-Zn,56,3,1
icsd-146664,ABCD_tP8_129_a_c_b_c:Bi-Cu-O-Se,8,4,1
icsd-176728,AB6C2D_tI20_139_a_eh_d_b:Bi-Cl-Cs-Na,20,5,1
icsd-175807,ABC3_hR30_167_a_b_e:B-Fe-O,30,3,1
icsd-81954,ABC3_hR30_161_a_a_b:Bi-Fe-O,30,3,1
icsd-138128,A7B2C2_cF88_227_af_d_c:O-Ti-Yb,88,4,1
icsd-175554,A2B2C7D2_mP52_14_2e_2e_7e_2e:H-Na-O-Se,52,13,1
icsd_127968,A9B4_cP52_215_3efgi_ei:Ag-In,52,8,1
icsd-128981,A3BC9D_oP56_62_a2c_c_5c2d_c:Cu-Mo-O-S,56,12,1
icsd-126566,A4B4C_oP36_55_adgi_2g2h_h:Co-La-Pb,36,9,1
icsd-129369,A8B3C2_hR39_166_ch_ac_c:O-Sr-V,39,5,1
icsd-202579,A9B2_mC44_15_e4f_f:Se-V,44,6,1
icsd-70804,A2BC4D_tI32_140_h_c_l_a:B-Cr-Nb-Si,32,4,1
icsd_128371,AB_oP4_26_a_a:As-Cr,4,2,1
icsd-147999,ABC3D9_mP112_14_2e_2e_6e_18e:Ce-F-I-O,112,28,1
icsd_127084,A_oP16_33_4a:C,16,4,1
icsd-146371,AB2C3_mP12_11_e_2e_3e:Ce-H-O,12,6,1
icsd_129219,A2B4C_oP28_62_ac_2cd_c:Fe-O-Si,28,6,1
icsd-175692,AB2C6D6E3F_mP38_4_a_2a_6a_6a_3a_a:Ba-Cl-H-O-P-Sb,38,19,1
icsd-137818,A10B17_aP216_1_80a_136a:C-H,216,216,1
icsd_128408,AB2CD7_mC88_15_f_2f_f_7f:As-Er-Rb-S,88,11,1
icsd-146408,AB3C3_oP28_62_c_3c_3c:Al-Ca-Sb,28,7,1
icsd-139105,ABC2_mP16_14_e_e_2e:B-Li-O,16,4,1
icsd-149657,AB2C3_mC24_12_i_aci_ij:C-Na-O,24,6,1
icsd_127657,ABC3_hR30_161_a_a_b:Bi-Fe-O,30,3,1
icsd-47018,A3BC7D_hP24_173_c_a_b2c_b:Ce-Li-S-Si,24,6,1
icsd-149712,A2B2C5_oP36_62_d_ac_c2d:Ca-Fe-O,36,6,1
icsd-177210,AB9C71D10_aP182_2_i_9i_71i_10i:Lu-Na-O-W,182,91,1
icsd-144823,A2B5C_mC32_12_2i_ghij_i:B-Pt-Yb,32,7,1
icsd-45862,AB3C_hR30_167_a_e_b:C-O-Zn,30,3,1
icsd_129218,A_cI2_229_a:Mo,2,1,1
icsd-44770,A4BC7D2E_mP60_14_4e_e_7e_2e_e:H-N-O-P-Ti,60,15,1
icsd-175693,ABC4D_oC28_40_a_b_2bc_b:La-Li-S-Si,28,6,1
icsd-175739,A5B2_oP28_62_5c_2c:O-V,28,7,1
icsd-137819,ABC20D2E_aP50_2_ae_i_20i_2i_i:Al-F-O-S-U,50,26,1
icsd-48753,ABC3_hR30_161_a_a_b:Bi-Fe-O,30,3,1
icsd-139104,ABC2_mP16_14_e_e_2e:B-Li-O,16,4,1
icsd-144434,ABC2_tP32_137_f_g_2g:Ga-Rb-Sb,32,4,1
icsd-149656,ABC3_hR30_167_a_b_e:C-Co-O,30,3,1
icsd_126944,ABC4_tP12_124_a_c_m:Co-Si-Ta,12,3,1
icsd-70385,AB2_hP24_194_ef_fgh:Mg-Ni,24,5,1
icsd-47019,AB4C_mP24_14_e_4e_e:As-O-Pr,24,6,1
icsd-175386,A18B2C7_aP27_2_9i_i_a3i:O-Pr-Si,27,14,1
icsd-176683,AB2CD_oP20_62_c_2c_c_c:Bi-Cl-Cu-Se,20,5,1
icsd-42562,ABC2_mC64_15_2f_2f_2e3f:Ga-Na-S,64,9,1
icsd-146235,AB2_oP12_62_c_2c:Au-Sc,12,3,1
icsd-146665,A2B6C_mP36_14_2e_6e_e:Ba-Cl-Mg,36,9,1
icsd_123880,A5BC2DE_mC40_12_3ij_i_gh_i_i:Cl-H-K-O-Pt,40,9,1
icsd-149590,AB3C9D2_oP60_62_c_cd_5c2d_2c:Ca-Fe-O-Si,60,12,1
icsd-176729,AB6C2D_tI20_139_a_eh_d_b:Bi-Cl-Cs-Na,20,5,1
icsd-175806,ABC3_hR30_167_a_b_e:B-Fe-O,30,3,1
icsd-81955,ABC3_hR30_161_a_a_b:Bi-Fe-O,30,3,1
icsd-46171,A3B_hP8_194_bf_c:Li-P,8,3,1
icsd-126567,AB3C3_oC28_63_a_cf_cf:Ga-La-Ni,28,5,1
icsd-128980,A3BC9D_oP56_62_a2c_c_5c2d_c:Cu-Mo-O-S,56,12,1
icsd-126588,A2BC4D_tP8_123_h_a_i_b:Bi-Cl-O-Yb,8,4,1
icsd-202578,A2BC6D_cF40_225_c_a_d_b:Ba-Gd-O-Sb,40,4,1
icsd-177587,ABC3_hP10_194_c_a_h:Ba-Co-O,10,3,1
icsd_127085,A_oC32_64_dfg:C,32,3,1
icsd_128370,AB_oP8_62_c_c:As-Cr,8,2,1
icsd-146370,AB3_hP8_176_c_h:Ce-O,8,2,1
icsd-176142,A2B_mP12_14_2e_e:O-Zr,12,3,1
icsd-49816,AB4C_tI24_122_a_e_b:Mn-S-Y,24,3,1
icsd-176512,AB3C_tP5_99_a_ac_b:Nb-O-Rb,5,4,1
icsd_60350,A3BC_hR15_160_b_a_a:Br-Cs-Ge,15,3,1
icsd-43148,A9BCD15_hR156_161_3b_a_a_5b:B-Ba-Na-O,156,10,1
icsd_126440,ABC3_oP20_62_a_c_cd:Al-Gd-O,20,4,1
icsd_122950,ABC3_mP20_14_e_ad_3e:Lu-Ni-O,20,6,1
icsd-174939,AB2C_mP8_11_e_2e_e:Cl-O-Y,8,4,1
icsd-146848,A6BC_aP32_2_ae11i_2i_2i:F-Hf-Sr,32,17,1
icsd-126619,A3B8C2_oC52_64_ae_2fg_f:Co-O-V,52,6,1
icsd_116760,A5B3_oI16_44_a2c_bc:N-P,16,5,1
icsd-175152,A2B13C2D4E2_oP92_29_2a_13a_2a_4a_2a:Cl-O-Sr-Te-V,92,23,1
icsd-177495,ABCD3_oP24_62_c_c_c_3c:Cu-Eu-Pr-Se,24,6,1
icsd_116330,A6BC6D_hP28_194_2k_a_2k_c:C-Fe-N-Nd,28,6,1
icsd-175502,A3B2C7_tP24_123_g2h_adg_ef2ghi:La-Ni-O,24,12,1
icsd_58913,A6B16CD6_cF116_225_d_2f_a_e:Ge-Li-N-Sr,116,5,1
icsd-146632,A3B2CD4_mP40_14_3e_2e_e_4e:B-F-K-O,40,10,1
icsd-139295,ABC2_oC16_63_c_c_f:Au-Ba-Cd,16,3,1
icsd-146798,ABCD_mC32_15_f_f_f_f:Ag-C-N-Se,32,4,1
icsd_128262,ABCD5E_oP36_58_g_e_g_3gh_g:As-Cu-H-O-Zn,36,8,1
icsd-46825,AB6C_mC32_15_e_3f_e:Gd-O-P,32,5,1
icsd-146262,A3B4C9D2E4_mC176_15_3f_4f_9f_cef_4f:B-F-H-N-O,176,23,1
icsd_139166,A2B_tP6_136_f_a:O-Si,6,2,1
icsd_127178,A5B3C2_tP40_128_egh_dh_h:Ge-Ru-Sm,40,6,1
icsd-77694,A9B3CD_oP56_57_d4e_ce_d_a:O-P-Rb-Zn,56,9,1
icsd-128892,A2BCD6_mC20_12_i_a_d_ij:Ba-La-Nb-O,20,5,1
icsd_137178,A2B8C3_mP52_14_2e_8e_3e:Ba-O-Si,52,13,1
icsd-175017,AB2C3D12E2_cP40_201_a_b_d_h_c:Ca-Cr-Cu-O-Re,40,5,1
icsd-175328,ABC4D_hP14_173_a_b_bc_b:K-Li-O-S,14,5,1
icsd-176857,A2BC4_tI28_141_c_b_h:Cu-Ge-O,28,3,1
icsd-147609,A2BC4D_tI16_121_d_a_i_b:Cu-Hg-S-Sn,16,4,1
icsd-175282,A2B7CD_mP44_14_2e_7e_e_e:Hg-O-S-Te,44,11,1
icsd-149247,A3B2C4D6E2_mC34_12_ai_i_2i_3i_i:C-Cl-Gd-N-O,34,9,1
icsd_127752,A3B2CD13E3_oP88_62_cd_2c_c_7c3d_3c:Al-Ca-H-O-Si,88,18,1
icsd-175797,ABC3_hR30_167_a_b_e:B-Fe-O,30,3,1
icsd-145321,AB3C_cP5_221_b_c_a:Ca-F-Rb,5,3,1
icsd-177250,A12B11CD_oP100_19_12a_11a_a_a:B-H-N-Na,100,25,1
icsd_137302,AB7C_oP36_62_c_3c2d_c:Ag-F-Sb,36,7,1
icsd_128274,A2B4C_oP28_62_ac_2cd_c:Mn-O-Si,28,6,1
icsd_127181,A5B3C2_tP40_128_egh_dh_h:Ge-Ru-Sm,40,6,1
icsd_117537,ABC8D2_aP24_2_i_i_8i_2i:La-Na-O-S,24,12,1
icsd-64411,A_oF128_70_4h:S,128,4,1
icsd_137181,A2B_oP12_62_2c_c:Fe-S,12,3,1
icsd-177529,ABC12D2_tI32_139_a_b_in_d:Ba-Ca-F-Zr,32,5,1
icsd-129329,A15B2CD2_oI80_74_eh2i2j_ac_e_h:Ge-Na-Rb-Si,80,10,1
icsd_116633,A9B4C3D8E2_mP52_11_3e3f_2ef_ef_4f_f:F-Fe-K-O-P,52,16,1
icsd_124742,A4B12CD2E2_mC42_5_2c_6c_a_c_c:H-O-S-Se-Sm,42,11,1
icsd-147170,AB_oC8_63_c_c:B-Mn,8,2,1
icsd_87907,ABCD5E_mP36_14_e_e_e_5e_e:C-K-Na-O-Te,36,9,1
icsd_125503,A3B4C_tP16_114_ad_e_b:Na-S-Sb,16,4,1
icsd_127494,A4B13C5D6_cP224_205_cd_c4d_abcd_2d:H-O-Pb-S,224,13,1
icsd-70393,A2B_tP6_136_f_a:H-Mg,6,2,1
icsd_127640,A2B14C3D3_hR66_166_ab_c2h_d_e:Cu-O-Sb-Sm,66,7,1
icsd-139112,ABC2_mP16_14_e_e_2e:B-Li-O,16,4,1
icsd-176553,A3B4C10D2_oC304_64_2defg_4g_4f8g_2fg:Be-H-O-P,304,24,1
icsd-70239,AB2_hP12_194_f_ah:Yb-Zn,12,3,1
icsd-148051,A2B6CD_cF40_225_c_e_a_b:Ba-O-Ta-Y,40,4,1
icsd-45874,A2B2C_tI20_122_d_d_a:Ag-P-Si,20,3,1
icsd-176945,A5B12C2_mC38_12_a2i_2i2j_h:Er-O-Ru,38,8,1
icsd-145726,AB_hP4_194_a_c:Fe-Se,4,2,1
icsd-175390,ABC4_aP72_2_6i_6i_24i:As-P-S,72,36,1
icsd-126658,A3B_tI32_139_im_de:Si-Sm,32,4,1
icsd-201987,A3BC3_cP7_221_c_a_d:I-P-Sr,7,3,1
icsd_61916,AB4C_mP24_14_ad_4e_e:Ag-O-S,24,7,1
icsd_87395,AB12C3D2_hP36_186_b_4c_c_ab:Cs-O-Sb-Se,36,8,1
icsd-45032,AB3C15D4E3_hP52_173_a_c_5c_bc_c:F-Na-O-Se-Ti,52,10,1
icsd_89671,AB2C2_oP20_62_c_2c_2c:Ba-Sb-Zn,20,5,1
icsd-147598,A2BC4_cF56_227_c_b_e:Ga-Mg-O,56,3,1
icsd_124650,A4BCD6E9_mP84_14_4e_e_e_6e_9e:B-Cl-Cs-H-O,84,21,1
icsd-128996,A4B20C2D17_mC172_15_2f_10f_ae_e8f:B-H-Na-O,172,23,1
icsd-147062,A11B43C7D8_mC276_9_11a_43a_7a_8a:Na-O-P-Ta,276,69,1
icsd_116371,AB10C2D3_aP32_2_i_10i_2i_3i:Na-O-P-Sb,32,16,1
icsd-147432,AB2C4_oP28_57_c_cd_2de:Ba-K-Si,28,6,1
icsd-149586,AB3C9D2_oP60_62_c_cd_5c2d_2c:Ca-Fe-O-Si,60,12,1
icsd_123896,AB2_cF12_225_a_c:Ce-O,12,2,1
icsd-46864,ABC4D_mP56_14_2e_2e_8e_2e:Al-Ge-O-Rb,56,14,1
icsd-126822,AB2C6D_oC40_36_a_b_2a2b_a:Bi-Cd-O-V,40,7,1
icsd_127139,A_mP16_13_4g:C,16,4,1
icsd_119968,AB4C14D6_mP50_14_a_2e_7e_3e:Fe-Pb-S-Sb,50,13,1
icsd-149139,A3B6C6D4_cI38_217_b_d_e_c:Co-F-O-Sb,38,4,1
icsd-149093,ABCD_tP8_129_c_c_c_a:B-Er-N-Ni,8,4,1
icsd-64153,ABC_tP6_129_c_c_a:Bi-Cl-O,6,3,1
icsd_127093,A_mP16_13_4g:C,16,4,1
icsd-177591,A4BC_mC24_15_2f_e_e:O-Pb-W,24,4,1
icsd-48895,AB8C10_tI76_109_a_4b_5b:Li-Mo-O,76,10,1
icsd-52061,A3B4_tI28_141_ad_h:Mn-O,28,3,1
icsd-129391,A5B2C2_oP72_19_10a_4a_4a:O-Pb-S,72,18,1
icsd_124345,A6B2C_mP18_14_3e_e_a:Br-Na-Os,18,5,1
icsd_137093,A4BC6D6_mP34_14_2e_a_3e_3e:C-Cu-H-O,34,9,1
icsd-128979,A3BC9D_oP56_62_a2c_c_5c2d_c:Cu-Mo-O-S,56,12,1
icsd_127990,ABC4_mC48_12_gi_hi_2i3j:Co-Mo-O,48,9,1
icsd_119786,A6BC4D3_hP42_174_6j_j_4j_3j:C-Cu-H-N,42,14,1
icsd_128171,A2B2C_tI40_141_h_h_c:O-Si-Zr,40,3,1
icsd_124851,AB4C2D_hP216_144_9a_36a_18a_9a:C-H-N-Se,216,72,1
icsd-168473,ABCD_oP16_62_c_c_c_c:H-La-Mg-Sn,16,4,1
icsd-137931,A5BC10DE14_mP124_14_5e_e_10e_e_14e:B-Ca-H-Na-O,124,31,1
icsd-54658,A3B8C2_hR39_166_ac_ch_c:Ba-O-V,39,5,1
icsd_59007,A3B16C2D6_mP54_14_ae_8e_e_3e:Cu-O-Rb-Te,54,14,1
icsd_116865,A4BCD3_oP36_33_4a_a_a_3a:H-I-N-O,36,9,1
icsd-64201,AB_cF8_225_a_b:Mn-N,8,2,1
icsd_125256,A4BC8D12E2_mP54_14_2e_a_4e_6e_e:C-Co-H-O-Rb,54,14,1
icsd_63116,A2B5C6_oP26_55_h_a2g_g2h:Al-Ca-Sb,26,7,1
icsd-70242,A2BC_tP4_99_c_a_b:O-Pb-Ti,4,3,1
icsd_127791,ABC_tP6_129_c_c_c:As-Na-Sn,6,3,1
icsd-138328,A2B2C_oI10_71_e_g_c:Ni-Sm-Sn,10,3,1
icsd-175754,A2B2C2DE10_mC34_12_f_i_i_a_3ij:Co-H-Mo-Na-O,34,8,1
icsd_124447,ABCD2_oP20_19_a_a_a_2a:Ba-Ge-O-S,20,5,1
icsd-129493,AB7C2_mP40_14_e_7e_2e:Mo-O-Te,40,10,1
icsd_136883,A2B5C_tP32_85_g_ab2g_2c:Nd-O-Re,32,7,1
icsd-129169,A5B3C15DE6_oP120_62_a2cd_cd_c7d_c_3d:Br-C-H-Mn-N,120,18,1
icsd_127142,A_mP16_13_4g:C,16,4,1
icsd_61202,A2B10C2D_oP30_58_g_g2h_g_a:Cl-F-O-Sn,30,6,1
icsd-149142,A3B6C6D4_cI38_217_b_d_e_c:Co-F-O-Sb,38,4,1
icsd_87182,ABC_hP6_194_c_d_a:H-Nd-S,6,3,1
icsd-148753,A2B7C2_cF88_227_c_af_d:Er-O-Ti,88,4,1
icsd-177010,A8B3C_cI96_206_ce_d_a:O-Te-Ti,96,4,1
icsd-148303,A2B2C3D_aP16_2_2i_2i_3i_i:Cd-Cl-O-Te,16,8,1
icsd-177440,A2B7C2_cF88_227_c_af_d:Bi-O-Ru,88,4,1
icsd-46059,AB2C8D2_aP13_2_a_i_4i_i:Cu-Mn-O-P,13,7,1
icsd-175538,AB2CD2E46F9_aP122_2_i_2i_i_2i_46i_9i:Dy-Fe-K-Na-O-W,122,61,1
icsd-176744,A2BCD4_tP8_123_h_a_b_i:Bi-Cl-Gd-O,8,4,1
icsd-139305,A3BC_tP5_123_ae_c_b:O-Pb-Ti,5,4,1
icsd-146608,AB6CD2_mP20_14_a_3e_d_e:Er-O-Sb-Sr,20,6,1
icsd_127457,A5B4_cF72_227_ae_e:Fe-O,72,3,1
icsd-149683,A3B4_cF56_227_ad_e:Co-O,56,3,1
icsd-47023,A12B2C3_mC68_15_6f_f_ef:O-Sm-W,68,9,1
icsd_126991,ABCD3_oC24_63_c_c_a_cf:Cu-Eu-Lu-Te,24,5,1
icsd-146126,ABC5D_oP32_55_e_g_fghi_h:Fe-Gd-O-Ti,32,7,1
icsd-149729,AB_cF8_225_a_b:Cr-N,8,2,1
icsd_116424,A2B2C3_tP7_123_g_g_ag:Ba-Hf-N,7,4,1
icsd_129222,A2B4C_oP28_62_ac_2cd_c:Fe-O-Si,28,6,1
icsd-174811,A2B_oP12_62_2c_c:Fe-P,12,3,1
icsd_123785,AB8C12D8E56F9_tP94_81_a_2h_ef2h_2h_2g13h_c2h:Cl-H-K-Mo-O-P,94,27,1
icsd_124040,A11B2C7D22_mC168_9_11a_2a_7a_22a:B-Ba-H-O,168,42,1
icsd_137396,ABC3_hR30_167_a_b_e:C-Ca-O,30,3,1
icsd-137823,A3B8_hP33_147_adg_c2d3g:As-Pd,33,9,1
icsd-146599,A2BC6D_cF40_225_c_a_e_b:Ba-Ho-O-Sb,40,4,1
icsd_127396,A2BC6D_hR30_148_c_a_f_b:B-Ni-O-Sn,30,4,1
icsd_70917,A3BC9D4_oC68_40_a2b_b_a2b3c_abc:B-K-O-Sr,68,13,1
icsd-138056,A7B4C15_mP52_14_a3e_2e_c7e:Ba-Mn-O,52,14,1
icsd_116648,A8B2C18D_hP174_165_ab2d3g_g_9g_f:Ge-K-O-Sr,174,18,1
icsd-49251,A6B8C13D3_oP120_58_eg2h_4h_3g5h_ach:B-H-O-Rb,120,19,1
icsd-149545,AB2_oP12_62_c_d:Cs-O,12,2,1
icsd_127115,A_oC48_64_ef2g:C,48,4,1
icsd_127400,A2BC3_hP36_164_2g2h_c2d_6i:Li-P-S,36,13,1
icsd-46848,A10B4CD2_tI34_139_em_cd_a_e:Br-K-O-Ru,34,6,1
icsd-144662,A2B4C_cF56_227_c_e_b:Ga-O-Zn,56,3,1
icsd-48505,ABC_oP6_59_a_a_b:I-S-Sc,6,3,1
icsd-64190,AB_cF8_225_a_b:Mn-N,8,2,1
icsd-176713,ABC_oP12_62_c_c_c:Bi-F-S,12,3,1
icsd-148211,A3B8C2_hR39_166_ac_ch_c:Ba-O-V,39,5,1
icsd-129352,AB2C4D12E_oP40_59_a_2b_cd_2e2fg_a:Cu-Gd-Mn-O-Zn,40,11,1
icsd-145589,A2BC2D15E4_mP96_14_2e_e_2e_15e_4e:Bi-Ca-Cs-O-P,96,24,1
icsd-174942,AB2C_mP8_11_e_2e_e:Cl-O-Y,8,4,1
icsd-147721,A5B3C_oP36_62_c2d_cd_c:Cl-Rb-Sn,36,6,1
icsd-67179,AB6C6DE12_hR78_166_a_h_h_b_2h:Cl-Cs-Ga-Na-Se,78,6,1
icsd-202368,AB2C_cF16_225_a_c_b:Al-Co-Cr,16,3,1
icsd-148084,A2BC4_oP28_62_ac_c_2cd:Li-Np-O,28,6,1
icsd-70716,AB9C4_tI56_140_a_dkl_l:Ce-Fe-Si,56,5,1
icsd_124810,AB5_oC24_36_a_3ab:Br-F,24,5,1
icsd_127695,ABCD5E_mP36_14_e_e_e_5e_e:Co-H-Li-O-S,36,9,1
icsd_128560,A2B3_cI80_206_ad_e:Er-O,80,3,1
icsd_92457,AB4C_oP24_62_a_2cd_c:Cu-O-S,24,5,1
icsd-146560,A20B4C_aP50_2_20i_4i_i:O-Tc-Th,50,25,1
icsd-149695,A3BC_cP5_221_c_a_b:O-Sr-Ti,5,3,1
icsd_124955,A2B2C_tI10_139_e_d_a:Bi-Cd-Rb,10,3,1
icsd_116824,A4B12C6D6E_tP348_92_6b_18b_9b_9b_ab:C-H-N-O-Zn,348,44,1
icsd-70653,ABC3_cP5_221_b_a_c:Al-C-Er,5,3,1
icsd_61490,ABC5D5_mP48_14_e_e_5e_5e:Ba-Dy-H-O,48,12,1
icsd-128739,AB2C6DE12_cF88_202_a_c_e_b_h:Co-K-N-Na-O,88,5,1
icsd-147664,AB2C6D_mP20_14_a_e_3e_d:Ce-Cs-I-Na,20,6,1
icsd_123269,AB2_oP24_62_2c_4c:Ir-S,24,6,1
icsd-147234,AB10C2D2_aP15_2_a_5i_i_i:Ba-F-Mo-O,15,8,1
icsd_127103,A_oP32_56_4e:C,32,4,1
icsd-176640,A5BC2_tI32_140_cl_a_h:Cl-Cs-Pb,32,4,1
icsd_95054,AB3CD9E2_oP64_62_c_a2c_c_5c2d_2c:Cl-Cu-K-O-S,64,14,1
icsd_60452,A5B3_mC32_15_e2f_af:N-P,32,5,1
icsd-161185,A6B2CD_cF40_225_e_c_a_b:Cl-Cs-In-Na,40,4,1
icsd_137103,A4B15_cI76_220_c_ae:Ge-Li,76,3,1
icsd-200139,A2B13C3D3_aP42_2_2i_13i_3i_3i:Cs-O-P-Sb,42,21,1
icsd-70983,A8BC20D_mP120_14_8e_e_20e_e:B-Nd-O-Re,120,30,1
icsd-148207,ABC2_hR12_166_a_b_c:C-Ca-N,12,3,1
icsd_119544,A4BC3_oF64_69_gho_g_gl:Bi-Eu-Ti,64,6,1
icsd-149046,A8B2C16D7_aP66_2_8i_2i_16i_7i:H-N-O-V,66,33,1
icsd_125581,A3BC11D6_hP21_156_abc_a_bc6d_4d:Ge-O-Se-Sr,21,16,1
icsd-64186,AB_cF8_225_a_b:Mn-N,8,2,1
icsd-70595,AB3C_tP5_99_b_ac_a:Ba-O-Ti,5,4,1
icsd_128219,A3B2C6D_mC24_12_ag_h_ij_d:Na-Ni-O-Sb,24,6,1
icsd_127416,AB2C5D_mC36_15_c_f_e2f_e:Fe-H-O-S,36,6,1
icsd-146219,AB3C_oP20_62_c_cd_a:Am-O-V,20,4,1
icsd-176181,ABC3_oP20_62_c_c_3c:Cr-Sb-Se,20,5,1
icsd-70311,A17B18C8D2E21_tP132_129_c2ik_abgh2i_2j_d_ci2jk:Ba-F-In-Na-S,132,18,1
icsd-66695,A5B2_oP7_47_afgj_bc:O-Ta,7,6,1
icsd_124847,AB4C2D_hP216_144_9a_36a_18a_9a:C-H-N-Se,216,72,1
icsd_128167,A2B_mP12_14_2e_e:O-Zr,12,3,1
icsd-174915,AB2C2_tI10_139_a_d_e:Er-Fe-Si,10,3,1
icsd_128864,A20B8C13D_mP168_14_20e_8e_13e_e:H-N-O-Se,168,42,1
icsd_136895,A2B4C_oF56_70_e_h_a:Na-O-S,56,3,1
icsd-148196,A2B2C_oC10_38_ab_ab_a:O-Pr-S,10,5,1
icsd-200617,AB14CD12E_mP116_14_e_14e_e_12e_e:C-H-Mg-O-Ru,116,29,1
icsd-38979,A2B_cP12_205_c_a:O-Zn,12,2,1
icsd-146921,A10B6C3D6E18_mP86_14_5e_3e_ae_3e_9e:B-F-Mg-Na-O,86,22,1
icsd-70604,AB3C_oC10_38_a_ae_b:Ba-O-Ti,10,4,1
icsd-43867,A10B18C3D2_mC132_15_5f_9f_ef_f:H-O-S-Zr,132,17,1
icsd_62592,A2B2C_tI10_139_d_e_a:O-Pr-Te,10,3,1
icsd-76103,A4B13C6_cI46_229_c_ah_e:Al-Pt-Y,46,4,1
icsd-145527,AB4C_hP18_180_c_k_d:Ca-O-S,18,3,1
icsd-138447,A6BC10_hP102_154_6c_c_ab9c:Ga-Pb-Te,102,18,1
icsd-176617,A4BC2D8_mP60_13_2e3g_g_2g_8g:K-Mg-P-S,60,16,1
icsd_127441,A5B4_cF72_227_ae_e:Fe-O,72,3,1
icsd_58895,A2B_oP36_62_2c2d_cd:O-W,36,6,1
icsd-200882,AB_hP4_186_b_b:O-Zn,4,2,1
icsd-144789,A_oC4_63_c:La,4,1,1
icsd-176302,A4B4C15D3E_aP54_2_4i_4i_15i_3i_i:H-K-O-S-Se,54,27,1
icsd-139313,A2B12C7_hP21_174_ad_2j2k_ejk:Cl-F-Sm,21,9,1
icsd-145032,A30BC3D6_hP80_165_5g_a_bd_g:F-Ga-Na-Np,80,9,1
icsd-432053,A6BC4_oP44_19_6a_a_4a:F-O-Sn,44,11,1
icsd-148677,A3B2CD6_oC192_36_2a5b_2a3b_2ab_4a10b:B-Ca-Cl-O,192,29,1
icsd-129364,A8B3C2_hR39_166_ch_ac_c:O-Sr-V,39,5,1
icsd_127965,AB3C3D3_aP20_2_i_3i_3i_3i:B-O-S-Tb,20,10,1
icsd-128826,A3B20C6_cF116_225_ac_fh_e:Ce-Pd-Si,116,5,1
icsd-138125,A12B78C6D4E5_mP420_14_12e_78e_6e_4e_5e:Au-F-H-O-Sr,420,105,1
icsd-176725,AB6C2D_cF40_225_a_e_c_b:Bi-Cl-Cs-Na,40,4,1
icsd-146393,AB3C_tP5_99_a_ac_b:Nb-O-Rb,5,4,1
icsd_127436,A5B4_cF72_227_ae_e:Fe-O,72,3,1
icsd_127123,A_oP32_52_4e:C,32,4,1
icsd_119972,AB4C14D6_oP50_55_a_2g_4g3h_3h:Fe-Pb-S-Sb,50,13,1
icsd-149089,A4B2C7D_mC28_5_2c_c_a3c_b:Cu-Ge-S-Zn,28,8,1
icsd_127089,A_hR96_167_2c2f:C,96,4,1
icsd-149573,A3B2C8_hP26_186_c_2b_ab2c:Mo-Ni-O,26,7,1
icsd-138060,A3B12C7_hR66_148_ac_2f_bf:Ir-O-Rb,66,6,1
icsd-139108,ABC2_mP16_14_e_e_2e:B-Li-O,16,4,1
icsd-144438,A18B54CDE3F6_aP166_2_18i_54i_i_i_3i_6i:C-H-Li-Mn-N-Si,166,83,1
icsd-146956,A2B_cP12_205_c_a:N-Si,12,2,1
icsd-145383,A3B5C12_cI40_204_b_ac_g:Cu-Mn-O,40,4,1
icsd_124426,AB3CD11_hR96_167_b_e_a_cef:K-N-Np-O,96,6,1
icsd_129214,A_cI2_229_a:Mo,2,1,1
icsd-174962,A2B17C4D2_mC50_12_i_a4i2j_2i_i:Ca-O-S-Sb,50,11,1
icsd-175220,AB6CD6_mP56_14_e_6e_e_6e:C-H-Mg-O,56,14,1
icsd-144984,AB3C_oP20_62_c_3c_c:Cs-I-Sn,20,5,1
icsd-200375,A2B13C3_mP36_4_2a_13a_3a:Fe-O-P,36,18,1
icsd_127461,AB4C4_mC270_8_5a5b_2a29b_10a25b:Ge-Na-S,270,76,1
icsd-54117,ABC3D_oC24_63_c_c_cf_a:Cu-Rb-S-Zr,24,5,1
icsd-144603,AB6C2_hP27_150_e_3g_adf:Mn-O-Sb,27,7,1
icsd-39974,A2BC5D_mC36_15_f_a_e2f_e:H-Ni-O-S,36,6,1
icsd-129299,A3B15CD13_mP128_14_3e_15e_e_13e:B-H-Mg-O,128,32,1
icsd-145442,A3B2C9D27_cP164_213_d_c_de_d4e:Ag-Dy-N-O,164,9,1
icsd-147185,AB_oP8_62_c_c:B-Mn,8,2,1
icsd_127932,ABC3D_oP24_62_c_c_3c_c:Cu-Gd-Se-Sr,24,6,1
icsd-177499,ABCD_oC16_63_c_a_c_c:Ba-S-Te-Zn,16,4,1
icsd-129333,ABC2_hR12_166_a_b_c:Al-La-Ni,12,3,1
icsd-177476,A4B4C_cP72_218_ei_ei_ac:Na-Se-Si,72,6,1
icsd_57306,A2BC3_hP18_191_l_ad_fk:Pd-Sr-Zn,18,5,1
icsd-52186,AB33C4D15_mP212_14_e_33e_4e_15e:Ba-O-Si-Y,212,53,1
icsd-145507,ABCD3_oC24_63_c_c_a_cf:Ba-Cu-Gd-Te,24,5,1
icsd-177026,ABCD2_tI10_107_a_a_a_b:Al-Ce-Cu-Ga,10,4,1
icsd_137174,AB5C2_oP32_62_c_c2d_d:Ba-O-Si,32,5,1
icsd-126479,ABC_tP6_129_c_a_c:Cl-O-Tb,6,3,1
icsd_125519,AB4C_hP180_176_h2i_2h9i_h2i:Al-O-P,180,17,1
icsd-176637,A5BC2_tI32_140_cl_a_h:Cl-Cs-Pb,32,4,1
icsd-175918,A2BC2D2E2_tI18_139_d_a_c_e_e:Cu-Ni-O-Se-Sr,18,5,1
icsd-149174,AB4C_mC24_12_i_4i_i:Al-O-Ta,24,6,1
icsd_128281,AB2_mC6_12_a_i:Mn-O,6,2,1
icsd-47804,A3BC7D9_aP40_2_3i_i_7i_9i:B-Ca-H-O,40,20,1
icsd-145784,A7B4C10DE2F10G2_mP72_11_3e2f_2ef_5f_e_f_5f_f:F-Fe-H-K-N-O-P,72,21,1
icsd-147243,A3BC2D_mC196_15_c10f_e3f_7f_e3f:F-Mo-O-Rb,196,26,1
icsd-174870,A3B2C7_tP24_123_g2h_adg_ef2ghi:La-Ni-O,24,12,1
icsd-45993,ABC_oC12_63_a_c_c:Al-Dy-Ge,12,3,1
icsd-146901,AB4C4_oC36_63_c_eg_fg:Ge-Li-O,36,5,1
icsd-147613,A3B_oC16_63_cf_c:I-La,16,3,1
icsd_124888,AB4_cF40_227_a_e:Al-La,40,2,1
icsd_128002,A2B3C_cP24_213_c_d_a:Co-Mo-N,24,3,1
icsd-59549,A4BC_mP12_13_2g_e_f:O-Ta-Yb,12,4,1
icsd-42755,A2BC4_cF112_227_e_c_df:Ni-O-Ti,112,4,1
icsd_115793,A2B_oP288_62_4c22d_12d:O-Si,288,38,1
icsd_124867,A6BC3D6_oP128_60_6d_ac_bc2d_6d:C-Fe-K-N,128,18,1
icsd-166908,A6BC2DE6_mP32_14_3e_a_e_d_3e:C-Fe-K-Mn-N,32,9,1
icsd_128147,A2B6C2D10E_mP42_14_e_3e_e_5e_a:Fe-H-K-O-Te,42,11,1
icsd-144480,A3B3C16D4_mP104_14_3e_3e_16e_4e:B-Cs-O-P,104,26,1
icsd-126615,A2B2C7D_tP24_113_e_e_cef_a:Be-Ho-O-Si,24,6,1
icsd-146844,A6BC_cF32_225_e_a_b:F-Hf-Mg,32,3,1
icsd-119506,A2B2C5_mP18_4_2a_2a_5a:C-Na-O,18,9,1
icsd-174935,AB2C2D_mP12_11_e_2e_2e_e:Cl-H-O-Y,12,6,1
icsd_115855,ABC3_oP40_57_cd_e_cd2e:Ag-Nb-O,40,7,1
icsd-145004,AB3C_oP20_62_c_3c_c:Cs-I-Sn,20,5,1
icsd-177525,A7B2C2_aP22_2_7i_2i_2i:O-Sb-Se,22,11,1
icsd-126480,ABC_tP6_129_c_c_a:Cl-Gd-O,6,3,1
icsd-175518,A6BC2_cF36_225_e_a_c:Cl-Pt-Rb,36,3,1
icsd-144615,AB2CD6_mP20_14_a_e_d_3e:Ir-Nd-Ni-O,20,6,1
icsd_127027,A5B2C12D4_oP184_62_5d_4c_12d_4d:Ca-Cl-O-Te,184,25,1
icsd_128278,A2B4C_oP28_62_ac_2cd_c:Mn-O-Si,28,6,1
icsd-48437,A2B3C6D_mP48_14_2e_3e_6e_e:B-Na-O-Tm,48,12,1
icsd-149162,AB2_hP6_194_c_f:Mo-S,6,2,1
icsd-173073,AB6C2D_tI20_87_a_eh_d_b:Cu-O-Sr-W,20,5,1
icsd-138471,A16BC14D2_aP66_2_16i_be_14i_2i:H-Mg-O-V,66,34,1
icsd-145511,AB6C_mC32_15_e_3f_e:Ca-O-S,32,5,1
icsd_63566,A4B5C19D160E4F36_aP456_2_4i_be4i_19i_160i_4i_36i:As-Cs-K-O-Tb-W,456,229,1
icsd-176158,A4BC7_mC24_12_2i_a_d3i:Bi-Fe-S,24,7,1
icsd-70632,ABC_hP6_186_b_b_a:Au-Ge-Y,6,3,1
icsd_125276,A3B_tI8_139_ad_b:Ga-Nb,8,3,1
icsd-176508,A4BC3D12_hR60_166_2c_a_bc_2h:Ba-Ce-Mn-O,60,7,1
icsd-147605,AB2C5D_mP18_11_e_2e_a2ef_e:Al-Ba-O-Y,18,8,1
icsd-175774,A6B2C_cF36_225_e_c_a:Cl-Cs-Zr,36,3,1
icsd-175324,A2B3C4_tI36_139_2e_cde_2eg:Ca-Pd-Sb,36,8,1
icsd_128852,A3B2C16D2E_mP192_14_6e_4e_32e_4e_2e:B-C-H-N-Na,192,48,1
icsd-144496,A2BC16D4_aP23_2_i_a_8i_2i:B-Cu-O-S,23,12,1
icsd_124871,AB2C3_oC48_64_d_ef_dg:Al-As-Li,48,5,1
icsd-43914,A10B18C3D2_mC132_15_5f_9f_ef_f:H-O-Se-Zr,132,17,1
icsd-70327,A2B2C8D_oP52_62_d_d_2c3d_c:B-Ge-O-Sr,52,8,1
icsd-48175,ABC3_mP10_11_e_e_ef:C-Ca-O,10,4,1
icsd_127420,A2B_hP9_152_c_a:O-Si,9,2,1
icsd-176363,AB4C8_cF52_216_a_e_2e:Ga-Nb-Se,52,4,1
icsd-200949,A2B_hP12_194_ah_f:Fe-Sc,12,3,1
icsd-176733,AB6C2D_tI20_139_a_eh_d_b:Bi-Cl-Cs-Na,20,5,1
icsd-177088,A2B3_tP10_127_g_ah:C-Dy,10,3,1
icsd-128830,A2B21C6_cF116_225_c_afh_e:La-Pd-Si,116,5,1
icsd-49334,ABC4D_oP28_62_c_c_2cd_c:P-Rb-S-Sr,28,6,1
icsd-128975,A3BC9D_oP56_62_a2c_c_5c2d_c:Cu-Mo-O-S,56,12,1
icsd-138076,AB3C2D7_hP26_194_c_df_e_bk:Cl-Cs-Mo-O,26,6,1
icsd_137135,A10BC2D14E2_mP58_4_10a_a_2a_14a_2a:H-Mg-Mn-O-P,58,29,1
icsd-149565,A2B_hP3_191_c_b:B-Zr,3,2,1
icsd-59621,ABC4_mC24_15_e_e_2f:Ho-Nb-O,24,4,1
icsd-45602,A2B2C7_aP22_2_2i_2i_7i:Ag-Mo-O,22,11,1
icsd_128690,A6B2C14D_aP23_2_3i_i_7i_a:As-Na-O-Pt,23,12,1
icsd_127135,A_mC32_15_4f:C,32,4,1
icsd-47845,A2BCD4_oP32_19_2a_a_a_4a:H-Na-Np-O,32,8,1
icsd_124430,A4B14C2D_mP42_14_2e_7e_e_a:N-O-Rb-U,42,11,1
icsd-49158,A2B5C_mP16_11_2e_3ef_e:B-O-Th,16,7,1
icsd-137803,AB2_mC24_15_f_2f:Co-In,24,3,1
icsd-48749,A2BC6D_hR30_148_c_a_f_b:Ba-Ce-O-W,30,4,1
icsd-42344,AB8C5D2E_mP68_14_e_8e_5e_2e_e:Bi-H-I-N-O,68,17,1
icsd-146556,AB6C4_hP22_186_b_2c_bc:Mg-Na-S,22,5,1
icsd_128556,A2B_hP9_152_c_a:O-Si,9,2,1
icsd-175236,A4B3C9_hR96_148_cf_f_3f:Bi-Pt-S,96,6,1
icsd-47900,AB2C_hR12_166_a_c_b:Hf-N-Sr,12,3,1
icsd_116054,A4B8C2D10E_mC100_5_4c_8c_abc_10c_c:B-H-N-O-S,100,26,1
icsd-175471,AB2C6D_mP20_4_a_2a_6a_a:K-P-S-Sm,20,10,1
icsd-145497,AB6C_mC32_15_e_3f_e:Ca-O-S,32,5,1
icsd-52016,AB4C_mP24_14_e_4e_e:Bi-F-N,24,6,1
icsd-174260,AB3C_hR30_167_b_e_a:Ni-O-Pr,30,3,1
icsd-70167,A3B8CD3E_mP64_14_3e_8e_e_3e_e:Ba-F-Fe-O-P,64,16,1
icsd-145881,AB3C_hP30_185_c_ab2c_ab:Mn-O-Tm,30,7,1
icsd-144793,A_tI2_139_a:La,2,1,1
icsd-64061,A2BC8D_mP48_14_2e_e_8e_e:La-Mo-O-Si,48,12,1
icsd_117517,A11B2C13D3_mP58_4_11a_2a_13a_3a:H-In-O-P,58,29,1
icsd-147916,A2BCD5_mP72_14_4e_2e_2e_10e:B-Ba-Ca-O,72,18,1
icsd-146604,A6BC2D_mP20_14_3e_a_e_d:O-Sb-Sr-Tb,20,6,1
icsd-175867,A6B2C_cF36_225_e_c_a:Cl-Cs-Sn,36,3,1
icsd-147445,A2BC6D_cF40_225_c_a_e_b:Ba-Mg-O-W,40,4,1
icsd-145182,AB7C5D_cP56_198_a_a2b_2ab_a:Cl-Li-O-Si,56,8,1
icsd-137747,AB4CDE_mP32_14_e_4e_e_e_e:Br-O-Rb-Se-Zn,32,8,1
icsd-129309,A4BC5D16E4_tI60_82_g_a_bg_4g_g:Ca-F-Na-O-P,60,9,1
icsd_128487,ABC6D2E2_tP48_136_c_d_efk_fg_j:F-Ho-O-Rb-Si,48,8,1
icsd_137322,ABC2D5E12F2_mP92_14_e_e_2e_5e_12e_2e:Cu-F-Gd-H-O-S,92,23,1
icsd_60223,A_hP2_194_c:Re,2,1,1
icsd-176932,A3B3C_cF112_227_ce_f_d:Co-Mo-N,112,4,1
icsd_136860,A2BC9D_mP26_11_2e_e_3e3f_e:Cl-Nd-O-Re,26,10,1
icsd-129165,A4BC15D2E8F2_aP64_2_4i_i_15i_2i_8i_2i:C-Co-H-N-O-S,64,32,1
icsd-148476,A3BC_tP20_113_ef_e_e:Br-Mo-O,20,4,1
icsd-49089,A12BC12D3_oP112_62_4c4d_c_4c4d_cd:B-Cl-H-Tl,112,19,1
icsd_128192,A_hR18_148_f:Se,18,1,1
icsd_127119,A_hP24_152_4c:C,24,4,1
icsd-145839,A2B4C9_oP30_55_h_fg_aghi:Bi-Fe-O,30,7,1
icsd_128716,A4B_hP15_152_2ac_b:Ge-Ir,15,4,1
icsd-200820,AB_hP4_186_b_b:O-Zn,4,2,1
icsd-126947,AB9C2D3_mP60_14_ab_9e_2e_3e:Ca-O-Ru-Sr,60,16,1
icsd_128346,AB4C_hP108_176_hi_2h5i_hi:Al-O-P,108,11,1
icsd-37842,ABC4D_mP28_14_e_e_4e_e:Al-H-O-Si,28,7,1
icsd-147107,A4BC_tI24_88_f_a_b:F-Li-Tb,24,3,1
icsd-148708,A6BC2DE6_tP32_128_eh_a_d_b_eh:C-Fe-K-Mn-N,32,7,1
icsd-70999,A13B12CD29E6_hR183_155_a2f_2f_b_cd4f_f:B-H-Na-O-Rb,183,13,1
icsd-175426,AB3C12D4E_aP42_2_i_3i_12i_4i_be:Cl-K-O-Si-U,42,22,1
icsd-145090,A2B_hP3_191_c_b:B-Mg,3,2,1
icsd-148358,AB_cF8_225_a_b:O-Sr,8,2,1
icsd_124670,AB4CD_oF224_43_2b_8b_2ab_2b:Ge-S-Sr-Zn,224,15,1
icsd-147042,A4B3CDE6_mP60_14_4e_3e_e_e_6e:B-F-Fe-K-O,60,15,1
icsd_124220,ABC5_aP56_2_4i_4i_20i:As-Mn-O,56,28,1
icsd-175099,AB5C8_oI224_45_2c_ab9c_16c:Cs-Ga-S,224,29,1
icsd_117540,ABC6D2_mP40_14_e_e_6e_2e:Gd-Na-O-Si,40,10,1
icsd_125431,AB2C2_tI40_141_c_h_h:Ce-O-Si,40,3,1
icsd-129427,A25B6C2D4_hP111_147_ad12g_3g_c2d_2g:O-P-Si-Ti,111,22,1
icsd-174958,ABC4D6E2_aP14_2_a_b_2i_3i_i:Cl-Cs-H-O-Se,14,8,1
icsd-145706,A3B10_hR78_166_h_cf2h:Pb-Se,78,5,1
icsd-47886,A2B7CD2E_tP26_100_c_bcd_a_c_a:Ba-O-S-Si-Sn,26,7,1
icsd-67163,AB2C7D_oP22_26_b_c_a3c_a:Cs-Nb-O-Sm,22,7,1
icsd-45911,A15B6CD30E2F_hR165_155_d2f_de_a_5f_c_b:B-K-Na-O-Sc-Sr,165,13,1
icsd-145356,AB9C3D2_aP30_2_i_9i_3i_2i:Co-O-Se-Sr,30,15,1
icsd-149725,A9B4_oC104_63_2cef3h_2fh:O-V,104,10,1
icsd_127660,A2B_tP6_136_f_a:O-Ti,6,2,1
icsd-149660,AB_cF8_225_a_b:Co-O,8,2,1
icsd_115711,AB2_oP6_58_a_g:Fe-P,6,2,1
icsd-70649,ABC6D2_tI20_87_a_b_eh_d:Fe-Nb-O-Sr,20,5,1
icsd-139098,ABC2_mP16_14_e_e_2e:B-Li-O,16,4,1
icsd-139132,A11B2C4_mP68_14_11e_2e_4e:O-Sc-Te,68,17,1
icsd-149230,ABC4D_mP56_7_4a_4a_16a_4a:Ce-Cl-O-W,56,28,1
icsd-144951,A2BC4D_oP16_31_b_a_2ab_a:Cu-Fe-S-Si,16,6,1
icsd-175430,A8B28C8D3_mC94_12_hij_g3i5j_2j_af:K-O-Si-U,94,16,1
icsd-147541,A2B3_mC30_12_3i_a4i:Eu-O,30,8,1
icsd_124373,A4B2C7D_mC56_9_4a_2a_7a_a:Ag-Ge-S-Sn,56,14,1
icsd-126402,AB6C2D_cF40_225_a_e_c_b:Bi-Cl-Cs-Na,40,4,1
icsd-126951,A4B_mC60_15_ce5f_ef:F-U,60,9,1
icsd-64535,A3BC2_hP12_191_l_c_bg:Ge-Pd-Yb,12,4,1
icsd_128215,A8B13C2_mC92_15_2e3f_c6f_f:Ba-Se-Zr,92,13,1
icsd-70433,A2BC12_aP15_2_i_a_6i:Au-Cu-F,15,8,1
icsd-147957,AB6C6_hP13_191_a_cde_i:Lu-Sn-V,13,5,1
icsd-70599,AB3C_tP5_99_b_ac_a:Ba-O-Ti,5,4,1
icsd_119548,A4BC3_oF64_69_gho_g_gl:Bi-Sm-Ti,64,6,1
icsd_115992,AB2CD2_tP12_123_g_2g_g_2g:Cl-O-Sc-Sr,12,6,1
icsd-137706,A3B5CD3_aP24_2_3i_5i_i_3i:F-O-Si-Sm,24,12,1
icsd-149733,AB_cF8_225_a_b:Cr-N,8,2,1
icsd-144802,A_cF4_225_a:La,4,1,1
icsd-145710,A3B_hP24_185_ab2c_c:Mg-Pt,24,5,1
icsd-138220,ABC3_oP20_62_a_c_cd:Cr-Gd-O,20,4,1
icsd-129431,ABC4D_oP28_62_c_a_2cd_c:B-Mn-O-Pb,28,6,1
icsd_123320,A2BCD5_mP72_14_4e_2e_2e_10e:Ba-Ge-Sb-Te,72,18,1
icsd_122927,A5B2C8DE16_mP128_14_5e_2e_8e_e_16e:B-Ba-H-N-O,128,32,1
icsd-46297,A9BC3D12_hR150_148_3f_ab_f_4f:Ba-Bi-Ga-O,150,10,1
icsd-147392,A3BC_cP5_221_c_a_b:O-Sr-Ti,5,3,1
icsd-126681,ABC_hP9_189_f_ad_g:Dy-Ir-Sn,9,4,1
icsd-138365,A5B3C_tP36_130_cg_cf_b:H-Na-Zn,36,5,1
icsd-146583,A2BC3_mC24_9_2a_a_3a:Cu-Ge-S,24,6,1
icsd-176135,A2B_mP12_14_2e_e:O-Zr,12,3,1
icsd_115707,A2B_hP6_194_f_b:Hf-Se,6,2,1
icsd-149676,AB2C3_mC24_12_i_aci_ij:C-Na-O,24,6,1
icsd_119909,A8BC7D32E4_oP104_18_4c_a_b3c_16c_2c:C-Ce-Cl-H-N,104,27,1
icsd-64132,AB_cF8_225_a_b:Ag-F,8,2,1
icsd_87931,A3BC9_mP52_4_6a_2a_18a:I-La-O,52,26,1
icsd-65373,A2B2C3D13E3_oC92_36_2a_b_ab_3a5b_ab:B-K-Na-O-P,92,15,1
icsd-175467,A3BC4_oP32_62_cd_c_2cd:Cs-Nb-O,32,6,1
icsd-147003,AB6CD3EF13_aP50_2_i_6i_i_3i_i_13i:Al-B-Cs-H-K-O,50,25,1
icsd-137751,A6B2C24D6E15_hP318_147_6g_abc4d_24g_6g_15g:C-Co-H-N-O,318,58,1
icsd_58460,AB3C_cP5_221_b_c_a:Fe-O-Sr,5,3,1
icsd-46106,A2B4C_oP28_62_2c_4c_c:Gd-O-Sr,28,7,1
icsd-175522,A6B2C_cF36_225_e_c_a:Br-Cs-Pt,36,3,1
icsd-53754,A3B_hP4_187_ah_b:B-Re,4,3,1
icsd-45680,A2BC6D_mC20_12_i_a_ij_d:Ba-La-O-Ta,20,5,1
icsd-44212,A5B2_oP28_62_5c_2c:O-V,28,7,1
icsd-129466,A2B6C5D2_mP180_14_6e_18e_15e_6e:C-H-O-S,180,45,1
icsd-170409,A2B2C6D_mC44_15_f_f_3f_e:K-P-S-Zn,44,6,1
icsd-138277,A2B2C_hP5_164_d_d_a:Gd-O-Se,5,3,1
icsd_137334,A2BC16D4_mC184_15_2ef_f_16f_4f:B-Be-O-S,184,24,1
icsd-145317,AB7C2D2_tP24_113_a_cef_e_e:Co-O-Si-Sr,24,6,1
icsd-149764,A2B4C_cF56_227_c_e_b:Fe-O-Zn,56,3,1
icsd_84188,A3B4C12DE3_cP46_218_c_e_i_a_d:Al-Na-O-S-Si,46,5,1
icsd-128627,A3B4_aP56_1_24a_32a:Bi-S,56,56,1
icsd_126933,A7B2C2_oP44_33_7a_2a_2a:O-Si-Y,44,11,1
icsd_89305,A2B3C2_mC56_12_4i_efgh2i_2j:Bi-Rh-Se,56,12,1
icsd-70608,AB3C_oC10_38_a_ae_b:Ba-O-Ti,10,4,1
icsd-144443,A2BCD4_oC32_40_ab_b_b_2bc:Cu-Nb-Rb-S,32,7,1
icsd_94864,AB3CD9E2_oP64_62_c_a2c_c_5c2d_2c:Cl-Cu-K-O-S,64,14,1
icsd_64333,A2B4C_oP28_62_ac_2cd_c:Mg-O-Si,28,6,1
icsd-63927,A3B12C2_oP68_32_3c_12c_2c:Mo-O-Y,68,17,1
icsd-129489,A4B4CD2_mP22_11_aef_2ef_e_be:Li-P-Si-Sr,22,9,1
